Apple Inc.,30-Mar-17,144.19,144.50,143.50,143.93,21207252
Apple Inc.,29-Mar-17,143.68,144.49,143.19,144.12,29189955
Apple Inc.,28-Mar-17,140.91,144.04,140.62,143.80,33374805
Apple Inc.,27-Mar-17,139.39,141.22,138.62,140.88,23575094
Apple Inc.,24-Mar-17,141.50,141.74,140.35,140.64,22395563
Apple Inc.,23-Mar-17,141.26,141.58,140.61,140.92,20346301
Apple Inc.,22-Mar-17,139.84,141.60,139.76,141.42,25860165
Apple Inc.,21-Mar-17,142.11,142.80,139.73,139.84,39529912
Apple Inc.,20-Mar-17,140.40,141.50,140.23,141.46,21542038
Apple Inc.,17-Mar-17,141.00,141.00,139.89,139.99,43884952
Apple Inc.,16-Mar-17,140.72,141.02,140.26,140.69,19231998
Apple Inc.,15-Mar-17,139.41,140.75,139.02,140.46,25691774
Apple Inc.,14-Mar-17,139.30,139.65,138.84,138.99,15309065
Apple Inc.,13-Mar-17,138.85,139.43,138.82,139.20,17421717
Apple Inc.,10-Mar-17,139.25,139.36,138.64,139.14,19612801
Apple Inc.,9-Mar-17,138.74,138.79,137.05,138.68,22155904
Apple Inc.,8-Mar-17,138.95,139.80,138.82,139.00,18707236
Apple Inc.,7-Mar-17,139.06,139.98,138.79,139.52,17446297
Apple Inc.,6-Mar-17,139.36,139.77,138.60,139.34,21750044
Apple Inc.,3-Mar-17,138.78,139.83,138.59,139.78,21571121
Apple Inc.,2-Mar-17,140.00,140.28,138.76,138.96,26210984
Apple Inc.,1-Mar-17,137.89,140.15,137.60,139.79,36414585
Apple Inc.,28-Feb-17,137.08,137.44,136.70,136.99,23482860
Apple Inc.,27-Feb-17,137.14,137.44,136.28,136.93,20257426
Apple Inc.,24-Feb-17,135.91,136.66,135.28,136.66,21776585
Apple Inc.,23-Feb-17,137.38,137.48,136.30,136.53,20788186
Apple Inc.,22-Feb-17,136.43,137.12,136.11,137.11,20836932
Apple Inc.,21-Feb-17,136.23,136.75,135.98,136.70,24507156
Apple Inc.,17-Feb-17,135.10,135.83,135.10,135.72,22198197
Apple Inc.,16-Feb-17,135.67,135.90,134.84,135.34,22584555
Apple Inc.,15-Feb-17,135.52,136.27,134.62,135.51,35623100
Apple Inc.,14-Feb-17,133.47,135.09,133.25,135.02,33226223
Apple Inc.,13-Feb-17,133.08,133.82,132.75,133.29,23035421
Apple Inc.,10-Feb-17,132.46,132.94,132.05,132.12,20065458
Apple Inc.,9-Feb-17,131.65,132.44,131.12,132.42,28349859
Apple Inc.,8-Feb-17,131.35,132.22,131.22,132.04,23004072
Apple Inc.,7-Feb-17,130.54,132.09,130.45,131.53,38183841
Apple Inc.,6-Feb-17,129.13,130.50,128.90,130.29,26845924
Apple Inc.,3-Feb-17,128.31,129.19,128.16,129.08,24507301
Apple Inc.,2-Feb-17,127.98,129.39,127.78,128.53,33710411
Apple Inc.,1-Feb-17,127.03,130.49,127.01,128.75,111985040
Apple Inc.,31-Jan-17,121.15,121.39,120.62,121.35,49200993
Apple Inc.,30-Jan-17,120.93,121.63,120.66,121.63,30377503
Apple Inc.,27-Jan-17,122.14,122.35,121.60,121.95,20562944
Apple Inc.,26-Jan-17,121.67,122.44,121.60,121.94,26337576
Apple Inc.,25-Jan-17,120.42,122.10,120.28,121.88,32586673
Apple Inc.,24-Jan-17,119.55,120.10,119.50,119.97,23211038
Apple Inc.,23-Jan-17,120.00,120.81,119.77,120.08,22050218
Apple Inc.,20-Jan-17,120.45,120.45,119.73,120.00,32597892
Apple Inc.,19-Jan-17,119.40,120.09,119.37,119.78,25597291
Apple Inc.,18-Jan-17,120.00,120.50,119.71,119.99,23712961
Apple Inc.,17-Jan-17,118.34,120.24,118.22,120.00,34439843
Apple Inc.,13-Jan-17,119.11,119.62,118.81,119.04,26111948
Apple Inc.,12-Jan-17,118.90,119.30,118.21,119.25,27086220
Apple Inc.,11-Jan-17,118.74,119.93,118.60,119.75,27588593
Apple Inc.,10-Jan-17,118.77,119.38,118.30,119.11,24462051
Apple Inc.,9-Jan-17,117.95,119.43,117.94,118.99,33561948
Apple Inc.,6-Jan-17,116.78,118.16,116.47,117.91,31751900
Apple Inc.,5-Jan-17,115.92,116.86,115.81,116.61,22193587
Apple Inc.,4-Jan-17,115.85,116.51,115.75,116.02,21118116
Apple Inc.,3-Jan-17,115.80,116.33,114.76,116.15,28781865
Apple Inc.,30-Dec-16,116.65,117.20,115.43,115.82,30586265
Apple Inc.,29-Dec-16,116.45,117.11,116.40,116.73,15039519
Apple Inc.,28-Dec-16,117.52,118.02,116.20,116.76,20905892
Apple Inc.,27-Dec-16,116.52,117.80,116.49,117.26,18296855
Apple Inc.,23-Dec-16,115.59,116.52,115.59,116.52,14249484
Apple Inc.,22-Dec-16,116.35,116.51,115.64,116.29,26085854
Apple Inc.,21-Dec-16,116.80,117.40,116.78,117.06,23783165
Apple Inc.,20-Dec-16,116.74,117.50,116.68,116.95,21424965
Apple Inc.,19-Dec-16,115.80,117.38,115.75,116.64,27779423
Apple Inc.,16-Dec-16,116.47,116.50,115.64,115.97,44351134
Apple Inc.,15-Dec-16,115.38,116.73,115.23,115.82,46524544
Apple Inc.,14-Dec-16,115.04,116.20,114.98,115.19,34031834
Apple Inc.,13-Dec-16,113.84,115.92,113.75,115.19,43733811
Apple Inc.,12-Dec-16,113.29,115.00,112.49,113.30,26374377
Apple Inc.,9-Dec-16,112.31,114.70,112.31,113.95,34402627
Apple Inc.,8-Dec-16,110.86,112.43,110.60,112.12,27068316
Apple Inc.,7-Dec-16,109.26,111.19,109.16,111.03,29998719
Apple Inc.,6-Dec-16,109.50,110.36,109.19,109.95,26195462
Apple Inc.,5-Dec-16,110.00,110.03,108.25,109.11,34324540
Apple Inc.,2-Dec-16,109.17,110.09,108.85,109.90,26527997
Apple Inc.,1-Dec-16,110.36,110.94,109.03,109.49,37086862
Apple Inc.,30-Nov-16,111.60,112.20,110.27,110.52,36162258
Apple Inc.,29-Nov-16,110.78,112.03,110.07,111.46,28528750
Apple Inc.,28-Nov-16,111.43,112.46,111.39,111.57,27193983
Apple Inc.,25-Nov-16,111.47,111.87,110.95,111.79,11475922
Apple Inc.,23-Nov-16,111.36,111.51,110.33,111.23,27426394
Apple Inc.,22-Nov-16,111.95,112.42,111.40,111.80,25965534
Apple Inc.,21-Nov-16,110.12,111.99,110.01,111.73,29264571
Apple Inc.,18-Nov-16,109.72,110.54,109.66,110.06,28428917
Apple Inc.,17-Nov-16,109.81,110.35,108.83,109.95,26964598
Apple Inc.,16-Nov-16,106.70,110.23,106.60,109.99,58840522
Apple Inc.,15-Nov-16,106.57,107.68,106.16,107.11,32264510
Apple Inc.,14-Nov-16,107.71,107.81,104.08,105.71,51175504
Apple Inc.,11-Nov-16,107.12,108.87,106.55,108.43,34143898
Apple Inc.,10-Nov-16,111.09,111.09,105.83,107.79,57134541
Apple Inc.,9-Nov-16,109.88,111.32,108.05,110.88,59176361
Apple Inc.,8-Nov-16,110.31,111.72,109.70,111.06,24254179
Apple Inc.,7-Nov-16,110.08,110.51,109.46,110.41,32560000
Apple Inc.,4-Nov-16,108.53,110.25,108.11,108.84,30836997
Apple Inc.,3-Nov-16,110.98,111.46,109.55,109.83,26932602
Apple Inc.,2-Nov-16,111.40,112.35,111.23,111.59,28331709
Apple Inc.,1-Nov-16,113.46,113.77,110.53,111.49,43825812
Apple Inc.,31-Oct-16,113.65,114.23,113.20,113.54,26419398
Apple Inc.,28-Oct-16,113.87,115.21,113.45,113.72,37861662
Apple Inc.,27-Oct-16,115.39,115.86,114.10,114.48,34562045
Apple Inc.,26-Oct-16,114.31,115.70,113.31,115.59,66134219
Apple Inc.,25-Oct-16,117.95,118.36,117.31,118.25,48128970
Apple Inc.,24-Oct-16,117.10,117.74,117.00,117.65,23538673
Apple Inc.,21-Oct-16,116.81,116.91,116.28,116.60,23192665
Apple Inc.,20-Oct-16,116.86,117.38,116.33,117.06,24125801
Apple Inc.,19-Oct-16,117.25,117.76,113.80,117.12,20034594
Apple Inc.,18-Oct-16,118.18,118.21,117.45,117.47,24553478
Apple Inc.,17-Oct-16,117.33,117.84,116.78,117.55,23624896
Apple Inc.,14-Oct-16,117.88,118.17,117.13,117.63,35652191
Apple Inc.,13-Oct-16,116.79,117.44,115.72,116.98,35192406
Apple Inc.,12-Oct-16,117.35,117.98,116.75,117.34,37586787
Apple Inc.,11-Oct-16,117.70,118.69,116.20,116.30,64041043
Apple Inc.,10-Oct-16,115.02,116.75,114.72,116.05,36235956
Apple Inc.,7-Oct-16,114.31,114.56,113.51,114.06,24358443
Apple Inc.,6-Oct-16,113.70,114.34,113.13,113.89,28779313
Apple Inc.,5-Oct-16,113.40,113.66,112.69,113.05,21453089
Apple Inc.,4-Oct-16,113.06,114.31,112.63,113.00,29736835
Apple Inc.,3-Oct-16,112.71,113.05,112.28,112.52,21701760
Apple Inc.,30-Sep-16,112.46,113.37,111.80,113.05,36379106
Apple Inc.,29-Sep-16,113.16,113.80,111.80,112.18,35886990
Apple Inc.,28-Sep-16,113.69,114.64,113.43,113.95,29641085
Apple Inc.,27-Sep-16,113.00,113.18,112.34,113.09,24607412
Apple Inc.,26-Sep-16,111.64,113.39,111.55,112.88,29869442
Apple Inc.,23-Sep-16,114.42,114.79,111.55,112.71,52481151
Apple Inc.,22-Sep-16,114.35,114.94,114.00,114.62,31073984
Apple Inc.,21-Sep-16,113.85,113.99,112.44,113.55,36003185
Apple Inc.,20-Sep-16,113.05,114.12,112.51,113.57,34514269
Apple Inc.,19-Sep-16,115.19,116.18,113.25,113.58,47023046
Apple Inc.,16-Sep-16,115.12,116.13,114.04,114.92,79886911
Apple Inc.,15-Sep-16,113.86,115.73,113.49,115.57,90613177
Apple Inc.,14-Sep-16,108.73,113.03,108.60,111.77,112340318
Apple Inc.,13-Sep-16,107.51,108.79,107.24,107.95,62176190
Apple Inc.,12-Sep-16,102.65,105.72,102.53,105.44,45292770
Apple Inc.,9-Sep-16,104.64,105.72,103.13,103.13,46556984
Apple Inc.,8-Sep-16,107.25,107.27,105.24,105.52,53002026
Apple Inc.,7-Sep-16,107.83,108.76,107.07,108.36,42364328
Apple Inc.,6-Sep-16,107.90,108.30,107.51,107.70,26880391
Apple Inc.,2-Sep-16,107.70,108.00,106.82,107.73,26334858
Apple Inc.,1-Sep-16,106.14,106.80,105.62,106.73,26701523
Apple Inc.,31-Aug-16,105.66,106.57,105.64,106.10,29662406
Apple Inc.,30-Aug-16,105.80,106.50,105.50,106.00,24863945
Apple Inc.,29-Aug-16,106.62,107.44,106.29,106.82,24970300
Apple Inc.,26-Aug-16,107.41,107.95,106.31,106.94,27766291
Apple Inc.,25-Aug-16,107.39,107.88,106.68,107.57,25086248
Apple Inc.,24-Aug-16,108.56,108.75,107.68,108.03,23675081
Apple Inc.,23-Aug-16,108.59,109.32,108.53,108.85,21257669
Apple Inc.,22-Aug-16,108.86,109.10,107.85,108.51,25820230
Apple Inc.,19-Aug-16,108.77,109.69,108.36,109.36,25368072
Apple Inc.,18-Aug-16,109.23,109.60,109.02,109.08,21984703
Apple Inc.,17-Aug-16,109.10,109.37,108.34,109.22,25355976
Apple Inc.,16-Aug-16,109.63,110.23,109.21,109.38,33794448
Apple Inc.,15-Aug-16,108.14,109.54,108.08,109.48,25868209
Apple Inc.,12-Aug-16,107.78,108.44,107.78,108.18,18660434
Apple Inc.,11-Aug-16,108.52,108.93,107.85,107.93,27484506
Apple Inc.,10-Aug-16,108.71,108.90,107.76,108.00,24008505
Apple Inc.,9-Aug-16,108.23,108.94,108.01,108.81,26315204
Apple Inc.,8-Aug-16,107.52,108.37,107.16,108.37,28037220
Apple Inc.,5-Aug-16,106.27,107.65,106.18,107.48,40553402
Apple Inc.,4-Aug-16,105.58,106.00,105.28,105.87,27408650
Apple Inc.,3-Aug-16,104.81,105.84,104.77,105.79,30202641
Apple Inc.,2-Aug-16,106.05,106.07,104.00,104.48,33816556
Apple Inc.,1-Aug-16,104.41,106.15,104.41,106.05,38167871
Apple Inc.,29-Jul-16,104.19,104.55,103.68,104.21,27733688
Apple Inc.,28-Jul-16,102.83,104.45,102.82,104.34,39869839
Apple Inc.,27-Jul-16,104.26,104.35,102.75,102.95,92344820
Apple Inc.,26-Jul-16,96.82,97.97,96.42,96.67,56239822
Apple Inc.,25-Jul-16,98.25,98.84,96.92,97.34,40382921
Apple Inc.,22-Jul-16,99.26,99.30,98.31,98.66,28313669
Apple Inc.,21-Jul-16,99.83,101.00,99.13,99.43,32702028
Apple Inc.,20-Jul-16,100.00,100.46,99.74,99.96,26275968
Apple Inc.,19-Jul-16,99.56,100.00,99.34,99.87,23779924
Apple Inc.,18-Jul-16,98.70,100.13,98.60,99.83,36493867
Apple Inc.,15-Jul-16,98.92,99.30,98.50,98.78,30136990
Apple Inc.,14-Jul-16,97.39,98.99,97.32,98.79,38918997
Apple Inc.,13-Jul-16,97.41,97.67,96.84,96.87,25892171
Apple Inc.,12-Jul-16,97.17,97.70,97.12,97.42,24167463
Apple Inc.,11-Jul-16,96.75,97.65,96.73,96.98,23794945
Apple Inc.,8-Jul-16,96.49,96.89,96.05,96.68,28912103
Apple Inc.,7-Jul-16,95.70,96.50,95.62,95.94,25139558
Apple Inc.,6-Jul-16,94.60,95.66,94.37,95.53,30949090
Apple Inc.,5-Jul-16,95.39,95.40,94.46,94.99,27705210
Apple Inc.,1-Jul-16,95.49,96.46,95.33,95.89,26026540
Apple Inc.,30-Jun-16,94.44,95.77,94.30,95.60,35836356
Apple Inc.,29-Jun-16,93.97,94.55,93.63,94.40,36531006
Apple Inc.,28-Jun-16,92.90,93.66,92.14,93.59,40444914
Apple Inc.,27-Jun-16,93.00,93.05,91.50,92.04,46622188
Apple Inc.,24-Jun-16,92.91,94.66,92.65,93.40,75311356
Apple Inc.,23-Jun-16,95.94,96.29,95.25,96.10,32240187
Apple Inc.,22-Jun-16,96.25,96.89,95.35,95.55,29219122
Apple Inc.,21-Jun-16,94.94,96.35,94.68,95.91,35546358
Apple Inc.,20-Jun-16,96.00,96.57,95.03,95.10,34411901
Apple Inc.,17-Jun-16,96.62,96.65,95.30,95.33,61008219
Apple Inc.,16-Jun-16,96.45,97.75,96.07,97.55,31326815
Apple Inc.,15-Jun-16,97.82,98.41,97.03,97.14,29445227
Apple Inc.,14-Jun-16,97.32,98.48,96.75,97.46,31931944
Apple Inc.,13-Jun-16,98.69,99.12,97.10,97.34,38020494
Apple Inc.,10-Jun-16,98.53,99.35,98.48,98.83,31712936
Apple Inc.,9-Jun-16,98.50,99.99,98.46,99.65,26601354
Apple Inc.,8-Jun-16,99.02,99.56,98.68,98.94,20848131
Apple Inc.,7-Jun-16,99.25,99.87,98.96,99.03,22409450
Apple Inc.,6-Jun-16,97.99,101.89,97.55,98.63,23292504
Apple Inc.,3-Jun-16,97.79,98.27,97.45,97.92,28504888
Apple Inc.,2-Jun-16,97.60,97.84,96.63,97.72,40191600
Apple Inc.,1-Jun-16,99.02,99.54,98.33,98.46,29173285
Apple Inc.,31-May-16,99.60,100.40,98.82,99.86,42307212
Apple Inc.,27-May-16,99.44,100.47,99.24,100.35,36229530
Apple Inc.,26-May-16,99.68,100.73,98.64,100.41,56093437
Apple Inc.,25-May-16,98.67,99.74,98.11,99.62,38168760
Apple Inc.,24-May-16,97.22,98.09,96.84,97.90,35036561
Apple Inc.,23-May-16,95.87,97.19,95.67,96.43,37860535
Apple Inc.,20-May-16,94.64,95.43,94.52,95.22,31804564
Apple Inc.,19-May-16,94.64,94.64,93.57,94.20,29693945
Apple Inc.,18-May-16,94.16,95.21,93.89,94.56,41923114
Apple Inc.,17-May-16,94.55,94.70,93.01,93.49,46507449
Apple Inc.,16-May-16,92.39,94.39,91.65,93.88,61140610
Apple Inc.,13-May-16,90.00,91.67,90.00,90.52,44188153
Apple Inc.,12-May-16,92.72,92.78,89.47,90.34,76109795
Apple Inc.,11-May-16,93.48,93.57,92.46,92.51,28539912
Apple Inc.,10-May-16,93.33,93.57,92.11,93.42,33592465
Apple Inc.,9-May-16,93.00,93.77,92.59,92.79,32855251
Apple Inc.,6-May-16,93.37,93.45,91.85,92.72,43458189
Apple Inc.,5-May-16,94.00,94.07,92.68,93.24,35763138
Apple Inc.,4-May-16,95.20,95.90,93.82,94.19,40824776
Apple Inc.,3-May-16,94.20,95.74,93.68,95.18,56533960
Apple Inc.,2-May-16,93.96,94.08,92.40,93.64,47736879
Apple Inc.,29-Apr-16,93.99,94.72,92.51,93.74,68334434
Apple Inc.,28-Apr-16,97.61,97.88,94.25,94.83,81990674
Apple Inc.,27-Apr-16,96.00,98.71,95.68,97.82,113538389
Apple Inc.,26-Apr-16,103.91,105.30,103.91,104.35,40338403
Apple Inc.,25-Apr-16,105.00,105.65,104.51,105.08,27950966
Apple Inc.,22-Apr-16,105.01,106.48,104.62,105.68,33477142
Apple Inc.,21-Apr-16,106.93,106.93,105.52,105.97,31356434
Apple Inc.,20-Apr-16,106.64,108.09,106.06,107.13,28666865
Apple Inc.,19-Apr-16,107.88,108.00,106.23,106.91,32292344
Apple Inc.,18-Apr-16,108.89,108.95,106.94,107.48,60834027
Apple Inc.,15-Apr-16,112.11,112.30,109.73,109.85,46418482
Apple Inc.,14-Apr-16,111.62,112.39,111.33,112.10,25337435
Apple Inc.,13-Apr-16,110.80,112.34,110.80,112.04,32691799
Apple Inc.,12-Apr-16,109.34,110.50,108.66,110.44,26812000
Apple Inc.,11-Apr-16,108.97,110.61,108.83,109.02,28313525
Apple Inc.,8-Apr-16,108.91,109.77,108.17,108.66,23514462
Apple Inc.,7-Apr-16,109.95,110.42,108.12,108.54,30881022
Apple Inc.,6-Apr-16,110.23,110.98,109.20,110.96,26047772
Apple Inc.,5-Apr-16,109.51,110.73,109.42,109.81,26495312
Apple Inc.,4-Apr-16,110.42,112.19,110.27,111.12,37243224
Apple Inc.,1-Apr-16,108.78,110.00,108.20,109.99,25626163
Microsoft Corp,30-Mar-17,65.42,65.98,65.36,65.71,15122823
Microsoft Corp,29-Mar-17,65.12,65.50,64.95,65.47,13618424
Microsoft Corp,28-Mar-17,64.96,65.47,64.65,65.29,20080358
Microsoft Corp,27-Mar-17,64.63,65.22,64.35,65.10,18614662
Microsoft Corp,24-Mar-17,65.36,65.45,64.76,64.98,22617105
Microsoft Corp,23-Mar-17,64.94,65.24,64.76,64.87,19269203
Microsoft Corp,22-Mar-17,64.12,65.14,64.12,65.03,20680015
Microsoft Corp,21-Mar-17,65.19,65.50,64.13,64.21,26640480
Microsoft Corp,20-Mar-17,64.91,65.18,64.72,64.93,14598083
Microsoft Corp,17-Mar-17,64.91,65.24,64.68,64.87,49219686
Microsoft Corp,16-Mar-17,64.75,64.76,64.30,64.64,20674296
Microsoft Corp,15-Mar-17,64.55,64.92,64.25,64.75,24833810
Microsoft Corp,14-Mar-17,64.53,64.55,64.15,64.41,14280202
Microsoft Corp,13-Mar-17,65.01,65.20,64.57,64.71,20100035
Microsoft Corp,10-Mar-17,65.11,65.26,64.75,64.93,19538245
Microsoft Corp,9-Mar-17,65.19,65.20,64.48,64.73,19846832
Microsoft Corp,8-Mar-17,64.26,65.08,64.25,64.99,21510907
Microsoft Corp,7-Mar-17,64.19,64.78,64.19,64.40,18520987
Microsoft Corp,6-Mar-17,63.97,64.56,63.81,64.27,18750255
Microsoft Corp,3-Mar-17,63.99,64.28,63.62,64.25,18139405
Microsoft Corp,2-Mar-17,64.69,64.75,63.88,64.01,24539597
Microsoft Corp,1-Mar-17,64.13,64.99,64.02,64.94,26937459
Microsoft Corp,28-Feb-17,64.08,64.20,63.76,63.98,23239825
Microsoft Corp,27-Feb-17,64.54,64.54,64.04,64.23,15871507
Microsoft Corp,24-Feb-17,64.53,64.80,64.14,64.62,21796800
Microsoft Corp,23-Feb-17,64.42,64.73,64.20,64.62,20273128
Microsoft Corp,22-Feb-17,64.33,64.39,64.05,64.36,19292651
Microsoft Corp,21-Feb-17,64.61,64.95,64.45,64.49,20655869
Microsoft Corp,17-Feb-17,64.47,64.69,64.30,64.62,21248818
Microsoft Corp,16-Feb-17,64.74,65.24,64.44,64.52,20546345
Microsoft Corp,15-Feb-17,64.50,64.57,64.16,64.53,17005157
Microsoft Corp,14-Feb-17,64.41,64.72,64.02,64.57,23108426
Microsoft Corp,13-Feb-17,64.24,64.86,64.13,64.72,22920101
Microsoft Corp,10-Feb-17,64.25,64.30,63.98,64.00,18170729
Microsoft Corp,9-Feb-17,63.52,64.44,63.32,64.06,22644443
Microsoft Corp,8-Feb-17,63.57,63.81,63.22,63.34,18096358
Microsoft Corp,7-Feb-17,63.74,63.78,63.23,63.43,20277226
Microsoft Corp,6-Feb-17,63.50,63.65,63.14,63.64,19796360
Microsoft Corp,3-Feb-17,63.50,63.70,63.07,63.68,30301759
Microsoft Corp,2-Feb-17,63.25,63.41,62.75,63.17,45827013
Microsoft Corp,1-Feb-17,64.36,64.62,63.47,63.58,39671528
Microsoft Corp,31-Jan-17,64.86,65.15,64.26,64.65,25270549
Microsoft Corp,30-Jan-17,65.69,65.79,64.80,65.13,31651445
Microsoft Corp,27-Jan-17,65.39,65.91,64.89,65.78,44817972
Microsoft Corp,26-Jan-17,64.12,64.54,63.55,64.27,43554645
Microsoft Corp,25-Jan-17,63.95,64.10,63.45,63.68,24654933
Microsoft Corp,24-Jan-17,63.20,63.74,62.94,63.52,24672940
Microsoft Corp,23-Jan-17,62.70,63.12,62.57,62.96,23097581
Microsoft Corp,20-Jan-17,62.67,62.82,62.37,62.74,30213462
Microsoft Corp,19-Jan-17,62.24,62.98,62.20,62.30,18451655
Microsoft Corp,18-Jan-17,62.67,62.70,62.12,62.50,19670102
Microsoft Corp,17-Jan-17,62.68,62.70,62.03,62.53,20663983
Microsoft Corp,13-Jan-17,62.62,62.86,62.35,62.70,19422310
Microsoft Corp,12-Jan-17,63.06,63.40,61.95,62.61,20968223
Microsoft Corp,11-Jan-17,62.61,63.23,62.43,63.19,21517335
Microsoft Corp,10-Jan-17,62.73,63.07,62.28,62.62,18593004
Microsoft Corp,9-Jan-17,62.76,63.08,62.54,62.64,20382730
Microsoft Corp,6-Jan-17,62.30,63.15,62.04,62.84,19922919
Microsoft Corp,5-Jan-17,62.19,62.66,62.03,62.30,24875968
Microsoft Corp,4-Jan-17,62.48,62.75,62.12,62.30,21339969
Microsoft Corp,3-Jan-17,62.79,62.84,62.12,62.58,20694101
Microsoft Corp,30-Dec-16,62.96,62.99,62.03,62.14,25579908
Microsoft Corp,29-Dec-16,62.86,63.20,62.73,62.90,10250582
Microsoft Corp,28-Dec-16,63.40,63.40,62.83,62.99,14653348
Microsoft Corp,27-Dec-16,63.21,64.07,63.21,63.28,11763173
Microsoft Corp,23-Dec-16,63.45,63.54,62.80,63.24,12403819
Microsoft Corp,22-Dec-16,63.84,64.10,63.40,63.55,22176585
Microsoft Corp,21-Dec-16,63.43,63.70,63.12,63.54,17096304
Microsoft Corp,20-Dec-16,63.69,63.80,63.02,63.54,26028379
Microsoft Corp,19-Dec-16,62.56,63.77,62.42,63.62,34338219
Microsoft Corp,16-Dec-16,62.95,62.95,62.12,62.30,42453083
Microsoft Corp,15-Dec-16,62.70,63.15,62.30,62.58,27669868
Microsoft Corp,14-Dec-16,63.00,63.45,62.53,62.68,30352654
Microsoft Corp,13-Dec-16,62.50,63.42,62.24,62.98,35718868
Microsoft Corp,12-Dec-16,61.82,62.30,61.72,62.17,20198081
Microsoft Corp,9-Dec-16,61.18,61.99,61.12,61.97,27349356
Microsoft Corp,8-Dec-16,61.30,61.58,60.84,61.01,21220753
Microsoft Corp,7-Dec-16,60.01,61.38,59.80,61.37,30808969
Microsoft Corp,6-Dec-16,60.43,60.46,59.80,59.95,19907035
Microsoft Corp,5-Dec-16,59.70,60.58,59.56,60.22,23552658
Microsoft Corp,2-Dec-16,59.08,59.47,58.80,59.25,25515665
Microsoft Corp,1-Dec-16,60.11,60.15,58.94,59.20,34542121
Microsoft Corp,30-Nov-16,60.86,61.18,60.22,60.26,34655435
Microsoft Corp,29-Nov-16,60.65,61.41,60.52,61.09,22366721
Microsoft Corp,28-Nov-16,60.34,61.02,60.21,60.61,20732619
Microsoft Corp,25-Nov-16,60.30,60.53,60.13,60.53,8409616
Microsoft Corp,23-Nov-16,61.01,61.10,60.25,60.40,21848913
Microsoft Corp,22-Nov-16,60.98,61.26,60.80,61.12,23206700
Microsoft Corp,21-Nov-16,60.50,60.97,60.42,60.86,19652595
Microsoft Corp,18-Nov-16,60.78,61.14,60.30,60.35,27686311
Microsoft Corp,17-Nov-16,60.41,60.95,59.96,60.64,31463728
Microsoft Corp,16-Nov-16,58.94,59.66,58.81,59.65,27332475
Microsoft Corp,15-Nov-16,58.33,59.49,58.32,58.87,35904126
Microsoft Corp,14-Nov-16,59.02,59.08,57.28,58.12,41328422
Microsoft Corp,11-Nov-16,58.23,59.12,58.01,59.02,38767843
Microsoft Corp,10-Nov-16,60.48,60.49,57.63,58.70,57822394
Microsoft Corp,9-Nov-16,60.00,60.59,59.20,60.17,49632479
Microsoft Corp,8-Nov-16,60.55,60.78,60.15,60.47,22935355
Microsoft Corp,7-Nov-16,59.78,60.52,59.78,60.42,31664798
Microsoft Corp,4-Nov-16,58.65,59.28,58.52,58.71,28697016
Microsoft Corp,3-Nov-16,59.53,59.64,59.11,59.21,21600427
Microsoft Corp,2-Nov-16,59.82,59.93,59.30,59.43,22147005
Microsoft Corp,1-Nov-16,59.97,60.02,59.25,59.80,24532986
Microsoft Corp,31-Oct-16,60.16,60.42,59.92,59.92,26434697
Microsoft Corp,28-Oct-16,60.01,60.52,59.58,59.87,33574684
Microsoft Corp,27-Oct-16,60.61,60.83,60.09,60.10,28479856
Microsoft Corp,26-Oct-16,60.81,61.20,60.47,60.63,29911608
Microsoft Corp,25-Oct-16,60.85,61.37,60.80,60.99,35137164
Microsoft Corp,24-Oct-16,59.94,61.00,59.93,61.00,54066978
Microsoft Corp,21-Oct-16,60.28,60.45,59.48,59.66,80032206
Microsoft Corp,20-Oct-16,57.50,57.52,56.66,57.25,49455612
Microsoft Corp,19-Oct-16,57.47,57.84,57.40,57.53,22878397
Microsoft Corp,18-Oct-16,57.53,57.94,57.41,57.66,19149538
Microsoft Corp,17-Oct-16,57.36,57.46,56.87,57.22,23830014
Microsoft Corp,14-Oct-16,57.12,57.74,57.12,57.42,27402451
Microsoft Corp,13-Oct-16,56.70,57.30,56.32,56.92,25313748
Microsoft Corp,12-Oct-16,57.11,57.27,56.40,57.11,22177464
Microsoft Corp,11-Oct-16,57.89,58.02,56.89,57.19,26497418
Microsoft Corp,10-Oct-16,57.91,58.39,57.87,58.04,18196509
Microsoft Corp,7-Oct-16,57.85,57.98,57.42,57.80,20089020
Microsoft Corp,6-Oct-16,57.74,57.86,57.28,57.74,16212611
Microsoft Corp,5-Oct-16,57.29,57.96,57.26,57.64,16726411
Microsoft Corp,4-Oct-16,57.27,57.60,56.97,57.24,20085874
Microsoft Corp,3-Oct-16,57.40,57.55,57.06,57.42,19189515
Microsoft Corp,30-Sep-16,57.57,57.77,57.34,57.60,29910788
Microsoft Corp,29-Sep-16,57.81,58.17,57.21,57.40,25463536
Microsoft Corp,28-Sep-16,57.88,58.06,57.67,58.03,20536400
Microsoft Corp,27-Sep-16,56.93,58.06,56.68,57.95,28065071
Microsoft Corp,26-Sep-16,57.08,57.14,56.83,56.90,21688720
Microsoft Corp,23-Sep-16,57.87,57.91,57.38,57.43,19955336
Microsoft Corp,22-Sep-16,57.92,58.00,57.63,57.82,19822203
Microsoft Corp,21-Sep-16,57.51,57.85,57.08,57.76,33707272
Microsoft Corp,20-Sep-16,57.35,57.35,56.75,56.81,17383982
Microsoft Corp,19-Sep-16,57.27,57.75,56.85,56.93,20937104
Microsoft Corp,16-Sep-16,57.63,57.63,56.75,57.25,44606965
Microsoft Corp,15-Sep-16,56.15,57.35,55.98,57.19,27062614
Microsoft Corp,14-Sep-16,56.39,56.63,56.03,56.26,24274273
Microsoft Corp,13-Sep-16,56.50,56.65,56.05,56.53,30130213
Microsoft Corp,12-Sep-16,56.00,57.20,55.61,57.05,29302962
Microsoft Corp,9-Sep-16,56.79,57.52,56.21,56.21,35113934
Microsoft Corp,8-Sep-16,57.63,57.79,57.18,57.43,20146083
Microsoft Corp,7-Sep-16,57.47,57.84,57.40,57.66,17493359
Microsoft Corp,6-Sep-16,57.78,57.80,57.21,57.61,16278416
Microsoft Corp,2-Sep-16,57.67,58.19,57.42,57.67,18900489
Microsoft Corp,1-Sep-16,57.01,57.82,57.01,57.59,26075363
Microsoft Corp,31-Aug-16,57.65,57.80,57.30,57.46,20860269
Microsoft Corp,30-Aug-16,57.98,58.19,57.61,57.89,16930185
Microsoft Corp,29-Aug-16,58.18,58.60,58.10,58.10,16417207
Microsoft Corp,26-Aug-16,58.28,58.70,57.69,58.03,20971202
Microsoft Corp,25-Aug-16,57.88,58.29,57.78,58.17,18552579
Microsoft Corp,24-Aug-16,57.80,58.04,57.72,57.95,18151506
Microsoft Corp,23-Aug-16,57.90,58.18,57.85,57.89,18732373
Microsoft Corp,22-Aug-16,57.60,57.75,57.26,57.67,15221922
Microsoft Corp,19-Aug-16,57.43,57.73,57.20,57.62,17271044
Microsoft Corp,18-Aug-16,57.42,57.70,57.27,57.60,14214341
Microsoft Corp,17-Aug-16,57.54,57.68,57.23,57.56,18856423
Microsoft Corp,16-Aug-16,57.61,57.62,57.27,57.44,20523493
Microsoft Corp,15-Aug-16,58.01,58.50,57.96,58.12,19283902
Microsoft Corp,12-Aug-16,58.03,58.19,57.62,57.94,21655161
Microsoft Corp,11-Aug-16,58.03,58.45,58.03,58.30,18162301
Microsoft Corp,10-Aug-16,58.16,58.32,57.82,58.02,15756913
Microsoft Corp,9-Aug-16,58.17,58.50,58.02,58.20,16920721
Microsoft Corp,8-Aug-16,58.06,58.08,57.78,58.06,19473499
Microsoft Corp,5-Aug-16,57.65,58.21,57.45,57.96,29335221
Microsoft Corp,4-Aug-16,56.80,57.52,56.67,57.39,26587749
Microsoft Corp,3-Aug-16,56.68,57.11,56.49,56.97,22075616
Microsoft Corp,2-Aug-16,56.85,56.90,56.31,56.58,35121958
Microsoft Corp,1-Aug-16,56.60,56.75,56.14,56.58,26003419
Microsoft Corp,29-Jul-16,56.26,56.76,56.05,56.68,30558718
Microsoft Corp,28-Jul-16,56.00,56.37,55.72,56.21,37550411
Microsoft Corp,27-Jul-16,56.61,56.80,56.11,56.19,32327477
Microsoft Corp,26-Jul-16,56.52,57.29,56.51,56.76,28078995
Microsoft Corp,25-Jul-16,56.47,56.74,56.26,56.73,25610587
Microsoft Corp,22-Jul-16,56.08,56.63,55.78,56.57,32157167
Microsoft Corp,21-Jul-16,55.98,56.23,55.76,55.80,32776653
Microsoft Corp,20-Jul-16,56.15,56.84,55.53,55.91,89893301
Microsoft Corp,19-Jul-16,53.71,53.90,52.93,53.09,53336533
Microsoft Corp,18-Jul-16,53.70,54.34,53.55,53.96,31433864
Microsoft Corp,15-Jul-16,53.95,54.00,53.21,53.70,32024385
Microsoft Corp,14-Jul-16,53.84,53.99,53.58,53.74,24545520
Microsoft Corp,13-Jul-16,53.56,53.86,53.18,53.51,25356841
Microsoft Corp,12-Jul-16,52.94,53.40,52.78,53.21,27317555
Microsoft Corp,11-Jul-16,52.50,52.83,52.47,52.59,22269203
Microsoft Corp,8-Jul-16,51.73,52.36,51.55,52.30,28391026
Microsoft Corp,7-Jul-16,51.42,51.61,51.07,51.38,19585194
Microsoft Corp,6-Jul-16,50.78,51.54,50.39,51.38,28167461
Microsoft Corp,5-Jul-16,50.83,51.28,50.74,51.17,24806351
Microsoft Corp,1-Jul-16,51.13,51.72,51.07,51.16,21400392
Microsoft Corp,30-Jun-16,50.72,51.30,50.50,51.17,28527781
Microsoft Corp,29-Jun-16,49.91,50.72,49.80,50.54,31304021
Microsoft Corp,28-Jun-16,48.92,49.47,48.67,49.44,38140658
Microsoft Corp,27-Jun-16,49.10,49.15,48.04,48.43,50576699
Microsoft Corp,24-Jun-16,49.81,50.94,49.52,49.83,133502985
Microsoft Corp,23-Jun-16,51.28,52.06,51.15,51.91,29028833
Microsoft Corp,22-Jun-16,51.08,51.46,50.95,50.99,28816848
Microsoft Corp,21-Jun-16,50.20,51.43,50.16,51.19,34097825
Microsoft Corp,20-Jun-16,50.64,50.83,50.03,50.07,35607946
Microsoft Corp,17-Jun-16,50.41,50.43,49.82,50.13,45710516
Microsoft Corp,16-Jun-16,49.52,50.47,49.51,50.39,31188605
Microsoft Corp,15-Jun-16,49.78,50.12,49.69,49.69,33757639
Microsoft Corp,14-Jun-16,49.90,50.10,49.57,49.83,42577106
Microsoft Corp,13-Jun-16,49.58,50.72,49.06,50.14,83217844
Microsoft Corp,10-Jun-16,51.05,52.05,51.04,51.48,25833151
Microsoft Corp,9-Jun-16,52.00,52.00,51.49,51.62,20305664
Microsoft Corp,8-Jun-16,52.02,52.44,51.87,52.04,21149438
Microsoft Corp,7-Jun-16,52.24,52.73,52.10,52.10,20866770
Microsoft Corp,6-Jun-16,51.99,52.35,51.89,52.13,18243271
Microsoft Corp,3-Jun-16,52.38,52.42,51.60,51.79,23368291
Microsoft Corp,2-Jun-16,52.64,52.74,51.84,52.48,22840779
Microsoft Corp,1-Jun-16,52.44,52.95,52.44,52.85,25324828
Microsoft Corp,31-May-16,52.26,53.00,52.08,53.00,37653081
Microsoft Corp,27-May-16,51.92,52.32,51.77,52.32,17653660
Microsoft Corp,26-May-16,51.93,51.98,51.36,51.89,24182929
Microsoft Corp,25-May-16,51.92,52.49,51.79,52.12,24040186
Microsoft Corp,24-May-16,50.70,51.71,50.40,51.59,34621638
Microsoft Corp,23-May-16,50.60,50.68,49.98,50.03,25999674
Microsoft Corp,20-May-16,50.48,51.22,50.40,50.62,23692434
Microsoft Corp,19-May-16,50.47,50.62,49.82,50.32,23722753
Microsoft Corp,18-May-16,50.48,51.14,50.30,50.81,24803172
Microsoft Corp,17-May-16,51.72,51.73,50.36,50.51,27766669
Microsoft Corp,16-May-16,50.80,51.96,50.75,51.83,19944632
Microsoft Corp,13-May-16,51.44,51.90,51.04,51.08,22436700
Microsoft Corp,12-May-16,51.20,51.81,50.92,51.51,24099431
Microsoft Corp,11-May-16,51.13,51.78,51.00,51.05,23910684
Microsoft Corp,10-May-16,50.33,51.10,50.19,51.02,22741527
Microsoft Corp,9-May-16,50.49,50.58,50.00,50.07,17844648
Microsoft Corp,6-May-16,49.92,50.39,49.66,50.39,24715575
Microsoft Corp,5-May-16,49.87,50.30,49.73,49.94,25309543
Microsoft Corp,4-May-16,49.84,50.06,49.46,49.87,24171449
Microsoft Corp,3-May-16,50.34,50.41,49.60,49.78,26196074
Microsoft Corp,2-May-16,50.00,50.75,49.78,50.61,33004106
Microsoft Corp,29-Apr-16,49.35,50.25,49.35,49.87,48339735
Microsoft Corp,28-Apr-16,50.62,50.77,49.56,49.90,42758226
Microsoft Corp,27-Apr-16,51.48,51.50,50.55,50.94,43145896
Microsoft Corp,26-Apr-16,52.26,52.35,51.09,51.44,33262278
Microsoft Corp,25-Apr-16,51.78,52.13,51.63,52.11,33106540
Microsoft Corp,22-Apr-16,51.91,52.43,50.77,51.78,125600219
Microsoft Corp,21-Apr-16,55.80,56.23,55.42,55.78,36826521
Microsoft Corp,20-Apr-16,56.29,56.50,55.48,55.59,36014074
Microsoft Corp,19-Apr-16,56.63,56.77,55.68,56.39,29533701
Microsoft Corp,18-Apr-16,55.49,56.59,55.21,56.46,23150318
Microsoft Corp,15-Apr-16,55.30,55.92,55.11,55.65,28377584
Microsoft Corp,14-Apr-16,55.22,55.58,55.07,55.36,20875102
Microsoft Corp,13-Apr-16,55.12,55.44,54.89,55.35,20601278
Microsoft Corp,12-Apr-16,54.37,54.78,53.76,54.65,24574169
Microsoft Corp,11-Apr-16,54.49,55.15,54.30,54.31,21332336
Microsoft Corp,8-Apr-16,54.67,55.28,54.32,54.42,22157037
Microsoft Corp,7-Apr-16,54.87,54.91,54.23,54.46,18584125
Microsoft Corp,6-Apr-16,54.36,55.20,54.21,55.12,21032057
Microsoft Corp,5-Apr-16,55.19,55.30,54.46,54.56,19148783
Microsoft Corp,4-Apr-16,55.43,55.66,55.00,55.43,18832210
Microsoft Corp,1-Apr-16,55.05,55.61,54.57,55.57,24298612
Alphabet Inc,30-Mar-17,851.98,852.00,846.77,849.48,949398
Alphabet Inc,29-Mar-17,842.75,851.58,841.38,849.87,1457347
Alphabet Inc,28-Mar-17,839.69,845.40,832.26,840.63,1519202
Alphabet Inc,27-Mar-17,828.09,841.38,824.30,838.51,1935211
Alphabet Inc,24-Mar-17,842.00,844.00,829.10,835.14,2105682
Alphabet Inc,23-Mar-17,841.39,841.69,833.00,839.65,3287669
Alphabet Inc,22-Mar-17,849.48,855.35,847.00,849.80,1366749
Alphabet Inc,21-Mar-17,870.06,873.47,847.69,850.14,2537978
Alphabet Inc,20-Mar-17,869.48,870.34,864.66,867.91,1542199
Alphabet Inc,17-Mar-17,873.68,874.42,868.37,872.37,1868252
Alphabet Inc,16-Mar-17,870.53,872.71,867.52,870.00,1104452
Alphabet Inc,15-Mar-17,867.94,869.88,861.30,868.39,1332885
Alphabet Inc,14-Mar-17,863.75,867.58,860.13,865.91,1061692
Alphabet Inc,13-Mar-17,860.83,867.13,860.82,864.58,1166605
Alphabet Inc,10-Mar-17,862.70,864.23,857.61,861.40,1336585
Alphabet Inc,9-Mar-17,853.69,860.71,852.67,857.84,1347697
Alphabet Inc,8-Mar-17,853.12,856.93,851.25,853.64,1029834
Alphabet Inc,7-Mar-17,847.26,853.33,845.52,851.15,1038696
Alphabet Inc,6-Mar-17,846.86,848.94,841.17,847.27,1047872
Alphabet Inc,3-Mar-17,848.94,850.82,844.70,849.08,1006612
Alphabet Inc,2-Mar-17,856.31,856.49,848.72,849.85,1250938
Alphabet Inc,1-Mar-17,851.38,858.00,849.02,856.75,1818671
Alphabet Inc,28-Feb-17,847.35,848.83,841.44,844.93,1383119
Alphabet Inc,27-Feb-17,844.95,850.67,843.01,849.67,1010333
Alphabet Inc,24-Feb-17,847.65,848.36,842.96,847.81,1346189
Alphabet Inc,23-Feb-17,851.08,852.62,842.50,851.00,1386681
Alphabet Inc,22-Feb-17,848.00,853.79,846.71,851.36,1224889
Alphabet Inc,21-Feb-17,847.99,852.20,846.55,849.27,1261062
Alphabet Inc,17-Feb-17,841.31,846.94,839.78,846.55,1461210
Alphabet Inc,16-Feb-17,838.50,842.69,837.26,842.17,1005084
Alphabet Inc,15-Feb-17,838.81,841.77,836.22,837.32,1357185
Alphabet Inc,14-Feb-17,839.77,842.00,835.83,840.03,1363345
Alphabet Inc,13-Feb-17,837.70,841.74,836.25,838.96,1295708
Alphabet Inc,10-Feb-17,832.95,837.15,830.51,834.85,1415128
Alphabet Inc,9-Feb-17,831.73,831.98,826.50,830.06,1194238
Alphabet Inc,8-Feb-17,830.53,834.25,825.11,829.88,1302225
Alphabet Inc,7-Feb-17,825.50,831.92,823.29,829.23,1666605
Alphabet Inc,6-Feb-17,820.92,822.39,814.29,821.62,1350875
Alphabet Inc,3-Feb-17,823.13,826.13,819.35,820.13,1528095
Alphabet Inc,2-Feb-17,815.00,824.56,812.05,818.26,1689179
Alphabet Inc,1-Feb-17,824.00,824.00,812.25,815.24,2251047
Alphabet Inc,31-Jan-17,819.50,823.07,813.40,820.19,2020180
Alphabet Inc,30-Jan-17,837.06,837.23,821.03,823.83,3516933
Alphabet Inc,27-Jan-17,859.00,867.00,841.90,845.03,3752497
Alphabet Inc,26-Jan-17,859.05,861.00,850.52,856.98,3493251
Alphabet Inc,25-Jan-17,853.55,858.79,849.74,858.45,1662148
Alphabet Inc,24-Jan-17,846.98,851.52,842.28,849.53,1688375
Alphabet Inc,23-Jan-17,831.61,845.54,828.70,844.43,2457377
Alphabet Inc,20-Jan-17,829.09,829.24,824.60,828.17,1306183
Alphabet Inc,19-Jan-17,829.00,833.00,823.96,824.37,1070454
Alphabet Inc,18-Jan-17,829.80,829.81,824.08,829.02,1027698
Alphabet Inc,17-Jan-17,830.00,830.18,823.20,827.46,1440905
Alphabet Inc,13-Jan-17,831.00,834.65,829.52,830.94,1290182
Alphabet Inc,12-Jan-17,828.38,830.38,821.01,829.53,1350308
Alphabet Inc,11-Jan-17,826.62,829.90,821.47,829.86,1325394
Alphabet Inc,10-Jan-17,827.07,829.41,823.14,826.01,1197442
Alphabet Inc,9-Jan-17,826.37,830.43,821.62,827.18,1408924
Alphabet Inc,6-Jan-17,814.99,828.96,811.50,825.21,2017097
Alphabet Inc,5-Jan-17,807.50,813.74,805.92,813.02,1340535
Alphabet Inc,4-Jan-17,809.89,813.43,804.11,807.77,1515339
Alphabet Inc,3-Jan-17,800.62,811.44,796.89,808.01,1959033
Alphabet Inc,30-Dec-16,803.21,803.28,789.62,792.45,1735879
Alphabet Inc,29-Dec-16,802.33,805.75,798.14,802.88,1057392
Alphabet Inc,28-Dec-16,813.33,813.33,802.44,804.57,1214756
Alphabet Inc,27-Dec-16,808.68,816.00,805.80,809.93,975962
Alphabet Inc,23-Dec-16,808.01,810.97,805.11,807.80,765537
Alphabet Inc,22-Dec-16,809.10,811.07,806.03,809.68,1132119
Alphabet Inc,21-Dec-16,815.72,815.72,805.10,812.20,1459628
Alphabet Inc,20-Dec-16,813.37,816.49,811.00,815.20,1271883
Alphabet Inc,19-Dec-16,809.28,816.22,804.50,812.50,1263581
Alphabet Inc,16-Dec-16,818.31,819.20,808.12,809.84,2598866
Alphabet Inc,15-Dec-16,817.36,823.00,812.00,815.65,1769719
Alphabet Inc,14-Dec-16,815.92,824.26,812.78,817.89,1799654
Alphabet Inc,13-Dec-16,812.39,824.30,811.94,815.34,2128210
Alphabet Inc,12-Dec-16,804.82,811.35,804.53,807.90,1628602
Alphabet Inc,9-Dec-16,799.30,809.95,798.05,809.45,1904463
Alphabet Inc,8-Dec-16,792.95,799.00,787.90,795.17,1612531
Alphabet Inc,7-Dec-16,779.95,792.00,773.53,791.47,2029415
Alphabet Inc,6-Dec-16,780.19,785.28,773.32,776.18,1734099
Alphabet Inc,5-Dec-16,770.00,780.00,766.97,778.22,1688473
Alphabet Inc,2-Dec-16,761.90,770.50,759.00,764.46,1718846
Alphabet Inc,1-Dec-16,778.55,778.60,753.36,764.33,2867074
Alphabet Inc,30-Nov-16,789.10,791.51,773.14,775.88,2279054
Alphabet Inc,29-Nov-16,788.38,796.44,785.34,789.44,1561981
Alphabet Inc,28-Nov-16,778.35,799.74,778.10,785.79,2575432
Alphabet Inc,25-Nov-16,782.61,782.90,778.19,780.23,613549
Alphabet Inc,23-Nov-16,789.52,789.52,772.65,779.00,1312981
Alphabet Inc,22-Nov-16,788.99,793.77,783.74,785.00,1394174
Alphabet Inc,21-Nov-16,778.10,786.55,776.30,784.80,1630835
Alphabet Inc,18-Nov-16,787.17,791.29,775.35,775.97,1806264
Alphabet Inc,17-Nov-16,782.50,788.90,779.85,786.16,1533679
Alphabet Inc,16-Nov-16,770.42,783.50,766.33,779.98,1798360
Alphabet Inc,15-Nov-16,765.47,780.24,765.22,775.16,2943889
Alphabet Inc,14-Nov-16,771.76,771.78,743.59,753.22,3688274
Alphabet Inc,11-Nov-16,776.81,777.29,765.54,771.75,3592641
Alphabet Inc,10-Nov-16,810.00,810.06,768.23,780.29,5909609
Alphabet Inc,9-Nov-16,801.83,811.71,792.04,805.59,3098510
Alphabet Inc,8-Nov-16,802.03,816.04,799.62,811.98,1769069
Alphabet Inc,7-Nov-16,794.95,805.00,792.90,802.03,1992570
Alphabet Inc,4-Nov-16,771.30,788.48,771.00,781.10,1970603
Alphabet Inc,3-Nov-16,784.50,790.00,778.63,782.19,2175216
Alphabet Inc,2-Nov-16,806.76,806.76,785.00,788.42,2350736
Alphabet Inc,1-Nov-16,810.87,813.96,798.26,805.48,2355890
Alphabet Inc,31-Oct-16,822.43,822.63,808.00,809.90,2242679
Alphabet Inc,28-Oct-16,829.94,839.00,817.00,819.56,4354884
Alphabet Inc,27-Oct-16,823.01,826.58,814.61,817.35,2973486
Alphabet Inc,26-Oct-16,827.12,827.71,816.35,822.10,1794868
Alphabet Inc,25-Oct-16,838.50,838.50,825.30,828.55,1890712
Alphabet Inc,24-Oct-16,830.09,837.94,829.04,835.74,1447616
Alphabet Inc,21-Oct-16,820.00,824.29,818.31,824.06,1615814
Alphabet Inc,20-Oct-16,827.56,828.46,820.55,821.63,1393870
Alphabet Inc,19-Oct-16,824.52,829.81,823.20,827.09,1500142
Alphabet Inc,18-Oct-16,814.21,828.81,813.33,821.49,2289265
Alphabet Inc,17-Oct-16,805.99,813.49,803.83,806.84,1056367
Alphabet Inc,14-Oct-16,807.45,810.09,802.32,804.60,1111934
Alphabet Inc,13-Oct-16,806.07,806.56,798.62,804.08,1368981
Alphabet Inc,12-Oct-16,811.96,814.50,808.55,811.77,907876
Alphabet Inc,11-Oct-16,814.17,819.86,807.37,809.57,1721575
Alphabet Inc,10-Oct-16,803.93,817.38,802.24,814.17,1496115
Alphabet Inc,7-Oct-16,805.93,805.94,796.82,800.71,1163899
Alphabet Inc,6-Oct-16,804.08,806.94,800.51,803.08,1099909
Alphabet Inc,5-Oct-16,806.00,808.50,800.71,801.23,1213820
Alphabet Inc,4-Oct-16,805.00,806.50,799.67,802.79,1258706
Alphabet Inc,3-Oct-16,802.55,803.54,796.23,800.38,1489212
Alphabet Inc,30-Sep-16,803.60,808.09,801.50,804.06,1660201
Alphabet Inc,29-Sep-16,807.23,813.91,800.86,802.64,1349974
Alphabet Inc,28-Sep-16,804.08,810.25,802.78,810.06,1470280
Alphabet Inc,27-Sep-16,801.83,813.49,801.83,810.73,1367271
Alphabet Inc,26-Sep-16,809.82,810.08,800.45,802.65,1472732
Alphabet Inc,23-Sep-16,815.14,817.00,812.73,814.96,1411673
Alphabet Inc,22-Sep-16,810.00,819.06,807.71,815.95,1759290
Alphabet Inc,21-Sep-16,801.26,805.91,796.03,805.03,1348476
Alphabet Inc,20-Sep-16,800.00,802.75,798.26,799.78,1050041
Alphabet Inc,19-Sep-16,801.11,803.99,793.56,795.39,1149522
Alphabet Inc,16-Sep-16,799.02,799.02,793.62,797.97,2130571
Alphabet Inc,15-Sep-16,790.01,803.64,788.66,801.23,1566360
Alphabet Inc,14-Sep-16,787.53,796.33,787.53,790.46,1313912
Alphabet Inc,13-Sep-16,794.01,795.79,784.33,788.72,1809044
Alphabet Inc,12-Sep-16,784.52,800.17,783.50,798.82,1863737
Alphabet Inc,9-Sep-16,798.77,801.75,788.05,788.48,1887633
Alphabet Inc,8-Sep-16,805.22,808.42,801.01,802.84,1177660
Alphabet Inc,7-Sep-16,807.93,810.60,803.72,807.99,1145724
Alphabet Inc,6-Sep-16,798.39,810.89,795.43,808.02,1989537
Alphabet Inc,2-Sep-16,795.27,797.10,793.26,796.87,1347368
Alphabet Inc,1-Sep-16,791.98,792.89,786.33,791.40,1303460
Alphabet Inc,31-Aug-16,789.60,791.57,787.20,789.85,1071420
Alphabet Inc,30-Aug-16,792.88,798.00,789.47,791.92,1167413
Alphabet Inc,29-Aug-16,793.05,798.52,790.32,795.82,773698
Alphabet Inc,26-Aug-16,792.49,799.40,789.41,793.22,1248881
Alphabet Inc,25-Aug-16,792.00,794.72,787.23,791.30,1202680
Alphabet Inc,24-Aug-16,796.86,798.46,790.76,793.60,1284437
Alphabet Inc,23-Aug-16,800.48,801.00,795.99,796.59,917513
Alphabet Inc,22-Aug-16,798.51,799.30,794.33,796.95,853365
Alphabet Inc,19-Aug-16,799.79,801.23,796.88,799.65,1120763
Alphabet Inc,18-Aug-16,805.36,808.00,801.63,802.75,865160
Alphabet Inc,17-Aug-16,800.00,805.63,796.30,805.42,1066070
Alphabet Inc,16-Aug-16,803.50,804.26,797.00,801.19,1057897
Alphabet Inc,15-Aug-16,807.21,811.36,804.03,805.96,930074
Alphabet Inc,12-Aug-16,805.09,807.19,803.64,807.05,897283
Alphabet Inc,11-Aug-16,810.47,813.88,806.00,808.20,1282274
Alphabet Inc,10-Aug-16,807.05,810.88,806.49,808.49,918514
Alphabet Inc,9-Aug-16,804.49,813.33,804.06,807.48,1607685
Alphabet Inc,8-Aug-16,806.00,807.60,801.69,805.23,1221609
Alphabet Inc,5-Aug-16,800.11,807.22,797.81,806.93,1807271
Alphabet Inc,4-Aug-16,798.24,800.20,793.92,797.25,1076031
Alphabet Inc,3-Aug-16,796.47,799.54,793.02,798.92,1461025
Alphabet Inc,2-Aug-16,797.33,802.32,794.53,800.12,1996354
Alphabet Inc,1-Aug-16,786.67,807.49,785.04,800.94,3029658
Alphabet Inc,29-Jul-16,797.71,803.94,790.00,791.34,5090527
Alphabet Inc,28-Jul-16,768.84,768.97,759.09,765.84,3673221
Alphabet Inc,27-Jul-16,758.97,764.45,755.93,761.97,1608589
Alphabet Inc,26-Jul-16,757.52,759.26,752.75,757.65,1189573
Alphabet Inc,25-Jul-16,757.68,759.82,754.07,757.52,1073310
Alphabet Inc,22-Jul-16,757.32,759.45,752.66,759.28,1046024
Alphabet Inc,21-Jul-16,757.00,758.15,751.52,754.41,953053
Alphabet Inc,20-Jul-16,754.05,760.64,754.05,757.08,1125117
Alphabet Inc,19-Jul-16,749.87,756.59,748.49,753.41,1521795
Alphabet Inc,18-Jul-16,737.91,755.14,736.51,753.20,1934900
Alphabet Inc,15-Jul-16,741.00,741.00,734.64,735.63,1617087
Alphabet Inc,14-Jul-16,733.94,736.14,730.59,735.80,1070351
Alphabet Inc,13-Jul-16,735.52,735.52,729.02,729.48,1021827
Alphabet Inc,12-Jul-16,731.92,735.60,727.50,732.51,1328680
Alphabet Inc,11-Jul-16,719.42,728.93,718.86,727.20,1441113
Alphabet Inc,8-Jul-16,710.56,717.90,708.11,717.78,1497323
Alphabet Inc,7-Jul-16,710.11,710.17,700.67,707.26,1058698
Alphabet Inc,6-Jul-16,699.84,713.00,699.00,708.97,1445126
Alphabet Inc,5-Jul-16,705.01,708.12,699.13,704.89,1422028
Alphabet Inc,1-Jul-16,705.10,712.53,703.73,710.25,1549160
Alphabet Inc,30-Jun-16,697.65,703.77,694.90,703.53,2112513
Alphabet Inc,29-Jun-16,694.26,699.50,692.68,695.19,2156218
Alphabet Inc,28-Jun-16,691.37,692.74,684.85,691.26,1912280
Alphabet Inc,27-Jun-16,682.49,683.32,672.66,681.14,2919486
Alphabet Inc,24-Jun-16,690.17,705.00,684.91,685.20,4771780
Alphabet Inc,23-Jun-16,710.55,714.88,700.25,714.87,2125028
Alphabet Inc,22-Jun-16,714.05,714.21,705.88,710.47,1452884
Alphabet Inc,21-Jun-16,710.05,715.38,704.66,708.88,1515918
Alphabet Inc,20-Jun-16,710.31,715.87,705.41,706.13,2282725
Alphabet Inc,17-Jun-16,721.39,721.39,701.12,704.25,4113085
Alphabet Inc,16-Jun-16,727.96,730.39,715.54,724.25,2250083
Alphabet Inc,15-Jun-16,734.92,737.15,731.31,732.19,1161701
Alphabet Inc,14-Jun-16,729.31,736.00,726.50,733.25,1329176
Alphabet Inc,13-Jun-16,729.82,739.00,729.82,731.88,1167736
Alphabet Inc,10-Jun-16,735.95,739.64,730.51,733.19,1452456
Alphabet Inc,9-Jun-16,737.07,743.93,736.50,742.52,958963
Alphabet Inc,8-Jun-16,739.50,743.81,735.76,742.93,1615727
Alphabet Inc,7-Jun-16,733.27,736.71,730.80,731.09,1215741
Alphabet Inc,6-Jun-16,738.50,738.50,728.29,730.06,1499648
Alphabet Inc,3-Jun-16,741.49,741.49,733.91,735.86,1230376
Alphabet Inc,2-Jun-16,746.10,747.30,737.00,744.27,1695824
Alphabet Inc,1-Jun-16,748.47,751.37,744.34,748.46,1039847
Alphabet Inc,31-May-16,748.76,753.48,745.57,748.85,2124248
Alphabet Inc,27-May-16,737.51,747.91,737.01,747.60,1738913
Alphabet Inc,26-May-16,736.00,741.10,733.00,736.93,1298295
Alphabet Inc,25-May-16,735.00,739.89,732.60,738.10,1610773
Alphabet Inc,24-May-16,719.85,734.20,719.64,733.03,1890195
Alphabet Inc,23-May-16,719.98,723.50,716.94,717.25,1233407
Alphabet Inc,20-May-16,716.46,727.70,715.01,721.71,1722506
Alphabet Inc,19-May-16,718.30,720.50,710.30,715.31,1495741
Alphabet Inc,18-May-16,718.50,725.57,715.02,721.78,1620691
Alphabet Inc,17-May-16,731.06,735.85,718.00,720.19,1667998
Alphabet Inc,16-May-16,724.32,732.68,720.00,730.30,1124220
Alphabet Inc,13-May-16,726.62,731.29,723.51,724.83,1241301
Alphabet Inc,12-May-16,732.00,735.37,724.27,728.07,1352779
Alphabet Inc,11-May-16,740.52,740.80,727.90,730.55,1484998
Alphabet Inc,10-May-16,734.96,740.00,731.61,739.38,1627899
Alphabet Inc,9-May-16,726.70,734.29,723.50,729.13,1898866
Alphabet Inc,6-May-16,712.20,725.99,711.95,725.18,1982458
Alphabet Inc,5-May-16,715.00,717.55,709.45,714.71,1479828
Alphabet Inc,4-May-16,706.77,715.05,704.05,711.37,1610174
Alphabet Inc,3-May-16,712.50,713.37,707.33,708.44,1922797
Alphabet Inc,2-May-16,711.92,715.41,706.36,714.41,1672285
Alphabet Inc,29-Apr-16,704.12,712.11,703.78,707.88,2906358
Alphabet Inc,28-Apr-16,723.29,729.26,703.20,705.06,3114203
Alphabet Inc,27-Apr-16,725.32,727.15,709.08,721.46,3289534
Alphabet Inc,26-Apr-16,744.42,745.59,720.32,725.37,2754324
Alphabet Inc,25-Apr-16,735.35,744.88,735.10,742.21,2469163
Alphabet Inc,22-Apr-16,743.91,753.92,730.37,737.77,6978506
Alphabet Inc,21-Apr-16,777.31,781.68,771.55,780.00,3326803
Alphabet Inc,20-Apr-16,779.16,779.66,771.27,774.92,1706231
Alphabet Inc,19-Apr-16,790.50,790.95,770.27,776.25,2191366
Alphabet Inc,18-Apr-16,780.19,788.55,777.61,787.68,1669701
Alphabet Inc,15-Apr-16,775.50,780.93,774.93,780.00,1555865
Alphabet Inc,14-Apr-16,775.36,779.61,773.22,775.39,1348011
Alphabet Inc,13-Apr-16,770.31,775.75,764.59,771.91,1768980
Alphabet Inc,12-Apr-16,758.43,764.92,751.56,764.32,1366559
Alphabet Inc,11-Apr-16,765.45,767.22,757.34,757.54,1584036
Alphabet Inc,8-Apr-16,765.87,767.13,755.77,759.47,1171738
Alphabet Inc,7-Apr-16,765.32,769.36,757.50,760.12,1254028
Alphabet Inc,6-Apr-16,757.84,768.42,756.30,768.07,1257118
Alphabet Inc,5-Apr-16,758.13,762.87,755.60,758.57,1222147
Alphabet Inc,4-Apr-16,769.51,772.44,761.78,765.12,1343934
Alphabet Inc,1-Apr-16,757.16,770.04,755.20,769.67,1581222
Yahoo! Inc.,30-Mar-17,46.80,47.04,46.60,46.62,3449091
Yahoo! Inc.,29-Mar-17,46.52,46.84,46.30,46.78,4403402
Yahoo! Inc.,28-Mar-17,46.33,46.76,46.24,46.57,4630801
Yahoo! Inc.,27-Mar-17,45.92,46.48,45.74,46.40,6016624
Yahoo! Inc.,24-Mar-17,46.65,46.86,46.14,46.40,5607667
Yahoo! Inc.,23-Mar-17,46.13,46.78,46.09,46.60,8297815
Yahoo! Inc.,22-Mar-17,45.61,46.14,45.60,46.06,6773395
Yahoo! Inc.,21-Mar-17,47.00,47.19,45.68,45.77,6469439
Yahoo! Inc.,20-Mar-17,46.62,47.16,46.52,46.77,5822991
Yahoo! Inc.,17-Mar-17,46.73,46.90,46.50,46.59,6192404
Yahoo! Inc.,16-Mar-17,46.60,46.62,46.30,46.61,3627081
Yahoo! Inc.,15-Mar-17,46.55,46.55,45.90,46.29,6279298
Yahoo! Inc.,14-Mar-17,46.41,46.76,46.19,46.37,3800294
Yahoo! Inc.,13-Mar-17,46.10,47.00,46.10,46.57,4702990
Yahoo! Inc.,10-Mar-17,46.20,46.20,45.75,45.98,3824529
Yahoo! Inc.,9-Mar-17,45.87,46.12,45.68,45.94,3767567
Yahoo! Inc.,8-Mar-17,45.85,46.19,45.73,45.98,3331722
Yahoo! Inc.,7-Mar-17,45.50,45.92,45.49,45.73,5116841
Yahoo! Inc.,6-Mar-17,45.61,45.69,45.39,45.64,6694863
Yahoo! Inc.,3-Mar-17,45.88,46.00,45.60,45.91,6758310
Yahoo! Inc.,2-Mar-17,46.02,46.13,45.62,45.94,7017056
Yahoo! Inc.,1-Mar-17,45.89,46.41,45.89,46.24,7258451
Yahoo! Inc.,28-Feb-17,45.57,45.75,45.25,45.66,7201973
Yahoo! Inc.,27-Feb-17,45.45,45.74,45.24,45.71,4006922
Yahoo! Inc.,24-Feb-17,45.14,45.55,44.95,45.55,3714785
Yahoo! Inc.,23-Feb-17,46.04,46.14,45.29,45.41,7812053
Yahoo! Inc.,22-Feb-17,45.47,46.34,45.45,45.98,7730221
Yahoo! Inc.,21-Feb-17,45.22,45.61,45.10,45.50,8115953
Yahoo! Inc.,17-Feb-17,44.95,45.34,44.79,45.10,9417191
Yahoo! Inc.,16-Feb-17,45.65,45.69,45.01,45.16,8972022
Yahoo! Inc.,15-Feb-17,45.03,46.72,44.64,45.65,22509206
Yahoo! Inc.,14-Feb-17,45.38,45.58,44.90,45.02,6676842
Yahoo! Inc.,13-Feb-17,45.08,45.57,44.94,45.46,7491311
Yahoo! Inc.,10-Feb-17,45.15,45.23,44.96,45.03,4158744
Yahoo! Inc.,9-Feb-17,44.95,45.24,44.82,45.08,3769280
Yahoo! Inc.,8-Feb-17,44.50,45.19,44.34,45.07,6531000
Yahoo! Inc.,7-Feb-17,44.43,44.59,44.19,44.37,4445846
Yahoo! Inc.,6-Feb-17,43.62,44.53,43.56,44.42,7308775
Yahoo! Inc.,3-Feb-17,43.90,43.99,43.66,43.71,6422438
Yahoo! Inc.,2-Feb-17,43.63,44.00,43.58,43.69,5065117
Yahoo! Inc.,1-Feb-17,44.25,44.26,43.71,43.78,5307216
Yahoo! Inc.,31-Jan-17,43.78,44.15,43.67,44.07,5153697
Yahoo! Inc.,30-Jan-17,44.22,44.22,43.70,43.93,6906121
Yahoo! Inc.,27-Jan-17,44.54,44.71,44.23,44.42,4943138
Yahoo! Inc.,26-Jan-17,44.83,45.08,44.40,44.55,9974613
Yahoo! Inc.,25-Jan-17,44.11,45.00,44.09,44.94,14388287
Yahoo! Inc.,24-Jan-17,43.65,44.22,43.43,43.90,24933488
Yahoo! Inc.,23-Jan-17,41.95,42.45,41.84,42.40,13662837
Yahoo! Inc.,20-Jan-17,42.33,42.54,41.86,42.05,5511713
Yahoo! Inc.,19-Jan-17,42.05,42.19,41.90,42.09,6005615
Yahoo! Inc.,18-Jan-17,42.15,42.15,41.80,42.03,3594963
Yahoo! Inc.,17-Jan-17,42.06,42.18,41.84,41.99,4779009
Yahoo! Inc.,13-Jan-17,42.11,42.46,42.02,42.27,4513026
Yahoo! Inc.,12-Jan-17,42.34,42.46,41.70,42.11,6024900
Yahoo! Inc.,11-Jan-17,42.27,42.59,42.07,42.59,6946237
Yahoo! Inc.,10-Jan-17,41.89,42.37,41.54,42.30,8111079
Yahoo! Inc.,9-Jan-17,41.17,41.66,41.12,41.34,7797445
Yahoo! Inc.,6-Jan-17,41.25,41.34,40.85,41.23,6087644
Yahoo! Inc.,5-Jan-17,40.31,41.37,40.24,41.34,13122100
Yahoo! Inc.,4-Jan-17,39.00,40.25,38.92,40.06,11759453
Yahoo! Inc.,3-Jan-17,39.11,39.18,38.64,38.90,6084699
Yahoo! Inc.,30-Dec-16,38.72,39.00,38.43,38.67,6432792
Yahoo! Inc.,29-Dec-16,38.76,38.93,38.48,38.64,4170497
Yahoo! Inc.,28-Dec-16,39.12,39.22,38.71,38.73,4428368
Yahoo! Inc.,27-Dec-16,38.59,39.06,38.50,38.92,4240285
Yahoo! Inc.,23-Dec-16,38.46,38.81,38.37,38.66,3841245
Yahoo! Inc.,22-Dec-16,38.69,38.79,38.26,38.50,11685650
Yahoo! Inc.,21-Dec-16,39.08,39.32,38.97,39.15,8296515
Yahoo! Inc.,20-Dec-16,38.40,39.18,38.24,39.16,25008427
Yahoo! Inc.,19-Dec-16,38.66,38.79,38.27,38.42,13615511
Yahoo! Inc.,16-Dec-16,38.62,39.22,38.42,38.61,21694081
Yahoo! Inc.,15-Dec-16,40.00,40.00,38.25,38.41,43669990
Yahoo! Inc.,14-Dec-16,41.44,41.53,40.83,40.91,19555694
Yahoo! Inc.,13-Dec-16,41.35,41.79,41.14,41.47,6564552
Yahoo! Inc.,12-Dec-16,41.45,41.53,41.12,41.30,4451709
Yahoo! Inc.,9-Dec-16,41.52,41.80,41.44,41.76,6836112
Yahoo! Inc.,8-Dec-16,40.66,41.60,40.42,41.41,9171707
Yahoo! Inc.,7-Dec-16,39.98,40.57,39.75,40.52,7208492
Yahoo! Inc.,6-Dec-16,40.31,40.42,39.88,39.97,6987846
Yahoo! Inc.,5-Dec-16,40.02,40.39,39.85,40.20,4408407
Yahoo! Inc.,2-Dec-16,39.77,40.32,39.58,40.07,8588544
Yahoo! Inc.,1-Dec-16,41.00,41.04,39.53,39.63,12624139
Yahoo! Inc.,30-Nov-16,41.62,41.67,40.88,41.02,7644360
Yahoo! Inc.,29-Nov-16,41.43,41.83,41.12,41.60,13085981
Yahoo! Inc.,28-Nov-16,40.85,41.70,40.74,41.45,6836364
Yahoo! Inc.,25-Nov-16,41.08,41.08,40.71,40.87,2586908
Yahoo! Inc.,23-Nov-16,40.91,40.98,40.54,40.96,3719257
Yahoo! Inc.,22-Nov-16,41.20,41.40,40.83,41.01,8881541
Yahoo! Inc.,21-Nov-16,41.44,41.48,40.94,41.11,11355856
Yahoo! Inc.,18-Nov-16,41.48,41.65,40.90,41.19,8138928
Yahoo! Inc.,17-Nov-16,41.34,41.65,41.20,41.45,8692013
Yahoo! Inc.,16-Nov-16,40.10,41.05,40.10,40.98,15609553
Yahoo! Inc.,15-Nov-16,39.61,40.45,39.58,40.21,13364918
Yahoo! Inc.,14-Nov-16,40.36,40.39,38.87,39.30,12692293
Yahoo! Inc.,11-Nov-16,39.84,40.52,39.37,40.42,15178907
Yahoo! Inc.,10-Nov-16,41.55,41.65,39.54,40.16,16443786
Yahoo! Inc.,9-Nov-16,40.44,41.39,40.22,41.21,24000065
Yahoo! Inc.,8-Nov-16,40.97,41.28,40.68,41.16,4229743
Yahoo! Inc.,7-Nov-16,41.17,41.23,40.86,41.05,5430744
Yahoo! Inc.,4-Nov-16,39.96,40.67,39.80,40.28,4579437
Yahoo! Inc.,3-Nov-16,40.62,40.75,40.18,40.23,8112820
Yahoo! Inc.,2-Nov-16,41.80,42.16,40.36,40.68,13019956
Yahoo! Inc.,1-Nov-16,41.13,41.34,40.69,41.33,11751521
Yahoo! Inc.,31-Oct-16,42.03,42.16,41.55,41.55,3749658
Yahoo! Inc.,28-Oct-16,42.03,42.22,41.71,41.78,6197469
Yahoo! Inc.,27-Oct-16,42.31,42.49,41.81,41.87,7240848
Yahoo! Inc.,26-Oct-16,42.26,42.44,41.95,42.08,6123026
Yahoo! Inc.,25-Oct-16,42.72,42.75,42.43,42.55,5338875
Yahoo! Inc.,24-Oct-16,42.50,42.68,42.38,42.59,4346851
Yahoo! Inc.,21-Oct-16,42.10,42.20,41.73,42.17,7194168
Yahoo! Inc.,20-Oct-16,42.69,42.69,42.07,42.38,11671022
Yahoo! Inc.,19-Oct-16,42.30,42.94,42.26,42.73,14532469
Yahoo! Inc.,18-Oct-16,42.04,42.60,41.63,41.68,19360802
Yahoo! Inc.,17-Oct-16,41.35,41.94,41.24,41.79,8620369
Yahoo! Inc.,14-Oct-16,42.04,42.25,41.40,41.44,7781258
Yahoo! Inc.,13-Oct-16,42.00,42.08,41.17,41.62,15689711
Yahoo! Inc.,12-Oct-16,42.60,42.78,42.05,42.36,7290843
Yahoo! Inc.,11-Oct-16,43.87,44.08,42.49,42.68,9513283
Yahoo! Inc.,10-Oct-16,43.36,44.07,43.25,43.92,6573631
Yahoo! Inc.,7-Oct-16,43.26,43.68,43.12,43.22,8502112
Yahoo! Inc.,6-Oct-16,43.64,43.82,43.37,43.68,6293908
Yahoo! Inc.,5-Oct-16,43.23,43.87,43.22,43.71,6118487
Yahoo! Inc.,4-Oct-16,43.20,43.50,42.96,43.18,8998384
Yahoo! Inc.,3-Oct-16,42.95,43.18,42.82,43.13,7965922
Yahoo! Inc.,30-Sep-16,42.74,43.25,42.72,43.10,10374757
Yahoo! Inc.,29-Sep-16,43.17,43.30,42.43,42.57,13720746
Yahoo! Inc.,28-Sep-16,43.40,43.72,43.25,43.69,7418984
Yahoo! Inc.,27-Sep-16,42.43,43.41,42.32,43.37,8765715
Yahoo! Inc.,26-Sep-16,42.38,42.74,41.85,42.29,12745119
Yahoo! Inc.,23-Sep-16,43.50,43.76,42.54,42.80,31888521
Yahoo! Inc.,22-Sep-16,43.94,44.87,43.74,44.15,33355616
Yahoo! Inc.,21-Sep-16,42.89,44.22,42.89,44.14,12313680
Yahoo! Inc.,20-Sep-16,43.24,43.38,42.66,42.79,9788923
Yahoo! Inc.,19-Sep-16,43.92,43.95,43.00,43.19,7887375
Yahoo! Inc.,16-Sep-16,43.94,44.02,43.47,43.67,19093930
Yahoo! Inc.,15-Sep-16,43.41,44.05,43.22,43.99,12535634
Yahoo! Inc.,14-Sep-16,42.91,43.62,42.86,43.46,11625287
Yahoo! Inc.,13-Sep-16,43.19,43.52,42.69,43.04,10132044
Yahoo! Inc.,12-Sep-16,42.28,43.65,42.18,43.46,10808806
Yahoo! Inc.,9-Sep-16,43.92,44.15,42.82,42.92,12060737
Yahoo! Inc.,8-Sep-16,44.07,44.72,44.03,44.36,7882609
Yahoo! Inc.,7-Sep-16,44.55,44.92,44.19,44.35,9109446
Yahoo! Inc.,6-Sep-16,43.50,44.85,43.50,44.71,18125776
Yahoo! Inc.,2-Sep-16,43.27,43.60,43.08,43.28,7334914
Yahoo! Inc.,1-Sep-16,42.78,43.10,42.72,42.93,5575305
Yahoo! Inc.,31-Aug-16,42.46,42.80,42.46,42.75,7715941
Yahoo! Inc.,30-Aug-16,42.28,42.74,42.28,42.58,5804080
Yahoo! Inc.,29-Aug-16,42.20,42.46,42.08,42.26,4555600
Yahoo! Inc.,26-Aug-16,42.15,42.61,41.94,42.27,6327991
Yahoo! Inc.,25-Aug-16,41.83,42.24,41.73,42.03,5360912
Yahoo! Inc.,24-Aug-16,42.50,42.77,41.79,41.91,6930295
Yahoo! Inc.,23-Aug-16,42.61,42.91,42.45,42.60,8963786
Yahoo! Inc.,22-Aug-16,42.84,42.87,42.33,42.52,6229402
Yahoo! Inc.,19-Aug-16,42.80,43.12,42.64,43.02,9460753
Yahoo! Inc.,18-Aug-16,42.69,42.97,42.58,42.90,11294419
Yahoo! Inc.,17-Aug-16,42.39,42.75,42.39,42.70,8571927
Yahoo! Inc.,16-Aug-16,42.30,42.79,41.95,42.49,13793794
Yahoo! Inc.,15-Aug-16,43.18,43.29,42.43,42.67,14441784
Yahoo! Inc.,12-Aug-16,41.28,42.98,41.28,42.94,25182851
Yahoo! Inc.,11-Aug-16,41.12,41.73,40.93,41.27,23938864
Yahoo! Inc.,10-Aug-16,39.34,39.98,39.30,39.93,12981568
Yahoo! Inc.,9-Aug-16,39.24,39.31,39.10,39.24,5971530
Yahoo! Inc.,8-Aug-16,39.00,39.27,38.86,39.24,10131279
Yahoo! Inc.,5-Aug-16,39.00,39.15,38.90,38.99,9127094
Yahoo! Inc.,4-Aug-16,38.47,39.03,38.43,38.92,11000843
Yahoo! Inc.,3-Aug-16,38.43,38.55,38.28,38.39,5890051
Yahoo! Inc.,2-Aug-16,38.60,38.67,38.26,38.57,7504721
Yahoo! Inc.,1-Aug-16,38.18,38.89,38.10,38.80,9605006
Yahoo! Inc.,29-Jul-16,38.47,38.52,38.08,38.19,13199145
Yahoo! Inc.,28-Jul-16,38.58,38.64,38.23,38.52,7424404
Yahoo! Inc.,27-Jul-16,38.66,38.77,38.43,38.66,12148433
Yahoo! Inc.,26-Jul-16,38.07,38.83,37.90,38.76,15978647
Yahoo! Inc.,25-Jul-16,39.20,39.21,38.22,38.32,41814378
Yahoo! Inc.,22-Jul-16,38.90,39.42,38.78,39.38,11325660
Yahoo! Inc.,21-Jul-16,39.01,39.25,38.72,38.85,7671760
Yahoo! Inc.,20-Jul-16,38.36,38.93,38.26,38.90,8177973
Yahoo! Inc.,19-Jul-16,37.77,38.49,37.65,38.17,10393957
Yahoo! Inc.,18-Jul-16,37.68,37.97,37.50,37.95,16046777
Yahoo! Inc.,15-Jul-16,38.16,38.18,37.68,37.72,13513375
Yahoo! Inc.,14-Jul-16,37.85,38.35,37.85,37.96,10713015
Yahoo! Inc.,13-Jul-16,37.99,38.01,37.46,37.64,9566060
Yahoo! Inc.,12-Jul-16,38.00,38.33,37.87,37.89,15224047
Yahoo! Inc.,11-Jul-16,37.44,38.15,37.37,37.96,20342573
Yahoo! Inc.,8-Jul-16,37.53,37.84,37.06,37.74,8786614
Yahoo! Inc.,7-Jul-16,37.57,37.76,37.29,37.52,9031440
Yahoo! Inc.,6-Jul-16,37.43,37.56,37.13,37.51,8328101
Yahoo! Inc.,5-Jul-16,37.68,37.77,37.17,37.50,8746735
Yahoo! Inc.,1-Jul-16,37.56,38.08,37.43,37.99,10602792
Yahoo! Inc.,30-Jun-16,36.89,37.58,36.89,37.56,15209878
Yahoo! Inc.,29-Jun-16,36.25,37.08,36.25,36.86,10808162
Yahoo! Inc.,28-Jun-16,35.58,36.14,35.50,36.04,10990713
Yahoo! Inc.,27-Jun-16,35.87,36.01,35.05,35.22,14157606
Yahoo! Inc.,24-Jun-16,36.40,36.95,36.08,36.24,19657828
Yahoo! Inc.,23-Jun-16,37.64,37.78,37.41,37.78,7710892
Yahoo! Inc.,22-Jun-16,37.37,37.52,37.17,37.36,6279215
Yahoo! Inc.,21-Jun-16,37.37,37.55,37.20,37.40,5574603
Yahoo! Inc.,20-Jun-16,37.27,37.68,37.24,37.29,8957313
Yahoo! Inc.,17-Jun-16,37.43,37.44,36.81,36.94,12593900
Yahoo! Inc.,16-Jun-16,37.39,37.45,36.54,37.39,10634046
Yahoo! Inc.,15-Jun-16,37.43,37.60,37.10,37.32,10213170
Yahoo! Inc.,14-Jun-16,36.63,37.44,36.63,37.40,13023127
Yahoo! Inc.,13-Jun-16,36.70,36.91,36.42,36.47,6519751
Yahoo! Inc.,10-Jun-16,36.97,37.14,36.59,36.83,11216470
Yahoo! Inc.,9-Jun-16,36.82,37.73,36.71,37.35,14759107
Yahoo! Inc.,8-Jun-16,36.84,37.30,36.84,36.97,9181896
Yahoo! Inc.,7-Jun-16,36.90,36.99,36.62,36.73,14757059
Yahoo! Inc.,6-Jun-16,36.67,37.20,36.52,37.07,8426142
Yahoo! Inc.,3-Jun-16,37.11,37.11,36.50,36.60,12059105
Yahoo! Inc.,2-Jun-16,36.66,37.22,36.58,37.15,12179259
Yahoo! Inc.,1-Jun-16,37.25,37.74,36.56,36.65,22177647
Yahoo! Inc.,31-May-16,37.73,38.08,37.50,37.94,12873630
Yahoo! Inc.,27-May-16,36.88,37.88,36.84,37.82,14642533
Yahoo! Inc.,26-May-16,36.13,36.85,36.07,36.76,16277866
Yahoo! Inc.,25-May-16,36.63,36.96,35.47,35.59,33984864
Yahoo! Inc.,24-May-16,36.85,37.63,36.77,37.53,10601318
Yahoo! Inc.,23-May-16,36.46,36.94,36.43,36.66,7768631
Yahoo! Inc.,20-May-16,36.05,36.72,35.88,36.50,34311031
Yahoo! Inc.,19-May-16,36.94,37.23,36.67,37.02,7096480
Yahoo! Inc.,18-May-16,37.09,37.50,36.89,37.24,8465904
Yahoo! Inc.,17-May-16,37.44,37.70,37.25,37.27,11335505
Yahoo! Inc.,16-May-16,37.03,37.79,36.88,37.48,16976456
Yahoo! Inc.,13-May-16,36.91,37.07,36.38,36.48,10996727
Yahoo! Inc.,12-May-16,37.39,37.51,36.79,37.03,11169187
Yahoo! Inc.,11-May-16,37.28,37.63,37.20,37.37,9997359
Yahoo! Inc.,10-May-16,37.17,37.58,37.14,37.44,7171353
Yahoo! Inc.,9-May-16,36.97,37.35,36.92,37.18,6149115
Yahoo! Inc.,6-May-16,36.55,37.31,36.49,37.23,9208343
Yahoo! Inc.,5-May-16,37.06,37.45,36.86,36.94,13699177
Yahoo! Inc.,4-May-16,35.81,36.09,35.74,36.00,9649269
Yahoo! Inc.,3-May-16,36.25,36.41,35.91,36.01,8774971
Yahoo! Inc.,2-May-16,36.65,36.74,36.32,36.53,6581891
Yahoo! Inc.,29-Apr-16,36.51,36.98,36.15,36.60,11954114
Yahoo! Inc.,28-Apr-16,36.84,37.44,36.51,36.59,13148503
Yahoo! Inc.,27-Apr-16,37.52,37.59,36.63,36.95,16391163
Yahoo! Inc.,26-Apr-16,37.32,37.54,36.91,37.11,10059564
Yahoo! Inc.,25-Apr-16,37.47,37.54,37.18,37.23,9823457
Yahoo! Inc.,22-Apr-16,37.50,38.09,37.16,37.48,9071816
Yahoo! Inc.,21-Apr-16,37.92,38.12,37.35,37.67,11633739
Yahoo! Inc.,20-Apr-16,37.10,38.18,37.00,37.84,30758921
Yahoo! Inc.,19-Apr-16,36.46,36.73,36.11,36.33,20014080
Yahoo! Inc.,18-Apr-16,36.24,37.00,35.88,36.52,17723026
Yahoo! Inc.,15-Apr-16,37.13,37.15,36.42,36.51,19016188
Yahoo! Inc.,14-Apr-16,37.47,37.50,36.85,37.17,16608991
Yahoo! Inc.,13-Apr-16,36.94,37.35,36.90,37.31,17158703
Yahoo! Inc.,12-Apr-16,36.65,36.83,36.28,36.66,10439369
Yahoo! Inc.,11-Apr-16,36.38,36.84,36.32,36.48,13709569
Yahoo! Inc.,8-Apr-16,36.85,36.92,35.62,36.07,20251112
Yahoo! Inc.,7-Apr-16,35.86,37.25,35.72,36.17,38653774
Yahoo! Inc.,6-Apr-16,36.40,37.00,36.31,36.66,19418583
Yahoo! Inc.,5-Apr-16,36.70,36.92,36.22,36.41,12439202
Yahoo! Inc.,4-Apr-16,36.55,37.50,36.54,37.02,20203233
Yahoo! Inc.,1-Apr-16,36.54,36.88,36.31,36.48,13650354
Nasdaq Inc,30-Mar-17,68.70,69.51,68.52,69.39,895025
Nasdaq Inc,29-Mar-17,68.97,69.01,68.42,68.67,601358
Nasdaq Inc,28-Mar-17,68.98,69.39,68.60,69.14,969425
Nasdaq Inc,27-Mar-17,69.27,69.40,68.79,69.01,525916
Nasdaq Inc,24-Mar-17,69.92,70.54,69.68,69.85,844700
Nasdaq Inc,23-Mar-17,69.77,70.22,69.61,69.73,839891
Nasdaq Inc,22-Mar-17,69.81,69.96,69.39,69.70,712921
Nasdaq Inc,21-Mar-17,71.05,71.21,69.68,69.74,1142597
Nasdaq Inc,20-Mar-17,70.65,71.03,70.54,70.77,632619
Nasdaq Inc,17-Mar-17,71.12,71.46,70.85,70.88,1551705
Nasdaq Inc,16-Mar-17,70.78,71.26,70.37,71.16,1099199
Nasdaq Inc,15-Mar-17,70.69,70.91,70.36,70.82,956009
Nasdaq Inc,14-Mar-17,70.65,70.94,70.51,70.71,691532
Nasdaq Inc,13-Mar-17,70.88,71.02,70.43,70.78,1056170
Nasdaq Inc,10-Mar-17,71.31,71.57,70.27,70.96,1085240
Nasdaq Inc,9-Mar-17,71.04,71.27,70.71,71.08,720817
Nasdaq Inc,8-Mar-17,70.99,71.33,70.66,70.73,827207
Nasdaq Inc,7-Mar-17,71.44,71.44,70.73,70.93,739423
Nasdaq Inc,6-Mar-17,70.81,71.56,70.63,71.36,877437
Nasdaq Inc,3-Mar-17,71.21,71.58,70.68,71.09,1104091
Nasdaq Inc,2-Mar-17,72.18,72.34,71.15,71.25,892916
Nasdaq Inc,1-Mar-17,72.00,72.52,71.81,72.18,1293738
Nasdaq Inc,28-Feb-17,71.18,71.34,70.69,71.11,1355994
Nasdaq Inc,27-Feb-17,71.57,71.57,70.92,71.15,767239
Nasdaq Inc,24-Feb-17,71.08,71.79,71.05,71.45,871809
Nasdaq Inc,23-Feb-17,71.43,71.73,71.17,71.45,547290
Nasdaq Inc,22-Feb-17,71.24,71.76,71.06,71.24,825811
Nasdaq Inc,21-Feb-17,71.60,71.86,71.26,71.37,973268
Nasdaq Inc,17-Feb-17,71.13,71.65,70.80,71.51,2710388
Nasdaq Inc,16-Feb-17,71.33,71.59,70.72,71.34,879385
Nasdaq Inc,15-Feb-17,71.03,71.63,70.51,71.25,877006
Nasdaq Inc,14-Feb-17,70.70,71.04,70.50,70.78,682582
Nasdaq Inc,13-Feb-17,69.79,70.86,69.44,70.70,840415
Nasdaq Inc,10-Feb-17,69.11,70.00,69.08,69.77,877606
Nasdaq Inc,9-Feb-17,69.32,69.47,68.81,69.10,558273
Nasdaq Inc,8-Feb-17,69.30,69.38,68.62,68.88,995968
Nasdaq Inc,7-Feb-17,69.98,70.14,68.93,69.36,1371235
Nasdaq Inc,6-Feb-17,70.05,70.31,69.60,69.74,869754
Nasdaq Inc,3-Feb-17,71.00,71.00,70.04,70.34,974234
Nasdaq Inc,2-Feb-17,70.67,71.21,70.03,70.67,829709
Nasdaq Inc,1-Feb-17,70.47,71.89,70.29,70.75,1340638
Nasdaq Inc,31-Jan-17,68.36,70.61,67.26,70.54,1482725
Nasdaq Inc,30-Jan-17,68.04,68.26,67.43,68.18,763118
Nasdaq Inc,27-Jan-17,68.92,68.93,68.10,68.36,727573
Nasdaq Inc,26-Jan-17,68.50,68.90,68.28,68.83,623615
Nasdaq Inc,25-Jan-17,68.09,68.45,67.70,68.34,613782
Nasdaq Inc,24-Jan-17,67.23,68.29,66.85,67.95,647025
Nasdaq Inc,23-Jan-17,67.06,67.68,66.67,67.32,630066
Nasdaq Inc,20-Jan-17,67.30,67.58,66.84,67.36,637830
Nasdaq Inc,19-Jan-17,67.06,67.34,66.49,67.06,624998
Nasdaq Inc,18-Jan-17,66.71,67.29,66.62,67.25,777554
Nasdaq Inc,17-Jan-17,67.36,67.68,66.89,66.99,909566
Nasdaq Inc,13-Jan-17,67.33,67.92,67.24,67.71,461043
Nasdaq Inc,12-Jan-17,67.44,67.55,66.10,67.40,502578
Nasdaq Inc,11-Jan-17,67.19,67.80,66.89,67.72,484379
Nasdaq Inc,10-Jan-17,67.62,67.87,67.17,67.20,834144
Nasdaq Inc,9-Jan-17,68.37,68.45,67.33,67.77,639872
Nasdaq Inc,6-Jan-17,67.62,68.81,67.52,68.46,615215
Nasdaq Inc,5-Jan-17,67.49,68.15,67.24,67.64,626320
Nasdaq Inc,4-Jan-17,66.65,67.80,66.64,67.72,612459
Nasdaq Inc,3-Jan-17,67.47,67.59,66.26,66.68,614725
Nasdaq Inc,30-Dec-16,67.30,67.44,66.97,67.12,548709
Nasdaq Inc,29-Dec-16,67.34,67.47,66.90,67.01,483698
Nasdaq Inc,28-Dec-16,67.58,67.62,67.15,67.34,853185
Nasdaq Inc,27-Dec-16,67.41,67.57,67.07,67.53,261551
Nasdaq Inc,23-Dec-16,67.13,67.38,66.93,67.17,372143
Nasdaq Inc,22-Dec-16,67.48,67.50,66.98,67.21,365941
Nasdaq Inc,21-Dec-16,68.25,68.25,67.43,67.49,387843
Nasdaq Inc,20-Dec-16,67.63,68.11,67.41,68.01,604684
Nasdaq Inc,19-Dec-16,67.92,68.56,67.37,67.70,527865
Nasdaq Inc,16-Dec-16,68.59,69.08,67.83,68.06,1279068
Nasdaq Inc,15-Dec-16,68.41,68.90,68.02,68.61,731689
Nasdaq Inc,14-Dec-16,68.95,69.25,67.94,68.26,1083157
Nasdaq Inc,13-Dec-16,69.00,69.73,68.86,69.26,1032369
Nasdaq Inc,12-Dec-16,68.23,69.07,68.16,68.79,796049
Nasdaq Inc,9-Dec-16,68.00,68.68,67.11,68.62,953434
Nasdaq Inc,8-Dec-16,67.87,68.13,67.19,67.77,747556
Nasdaq Inc,7-Dec-16,66.82,68.08,66.46,67.61,1481872
Nasdaq Inc,6-Dec-16,65.14,66.59,64.75,66.52,1559380
Nasdaq Inc,5-Dec-16,64.67,65.06,64.31,64.86,1188905
Nasdaq Inc,2-Dec-16,63.70,64.50,63.36,63.88,951768
Nasdaq Inc,1-Dec-16,63.97,64.32,63.42,63.55,1039147
Nasdaq Inc,30-Nov-16,64.95,65.06,63.95,64.09,1439816
Nasdaq Inc,29-Nov-16,64.88,65.47,64.42,64.97,1207731
Nasdaq Inc,28-Nov-16,65.54,65.54,64.47,64.58,837007
Nasdaq Inc,25-Nov-16,65.11,65.69,65.11,65.69,218033
Nasdaq Inc,23-Nov-16,65.57,65.62,64.79,65.34,499014
Nasdaq Inc,22-Nov-16,66.15,66.21,65.31,65.58,620681
Nasdaq Inc,21-Nov-16,66.11,66.26,65.65,65.97,805135
Nasdaq Inc,18-Nov-16,64.93,65.94,64.71,65.85,957780
Nasdaq Inc,17-Nov-16,64.69,65.14,64.57,64.86,553188
Nasdaq Inc,16-Nov-16,64.42,64.95,64.15,64.71,1259245
Nasdaq Inc,15-Nov-16,64.82,64.91,63.60,64.48,1164937
Nasdaq Inc,14-Nov-16,66.62,66.66,64.57,64.73,1413510
Nasdaq Inc,11-Nov-16,66.98,67.32,65.87,66.44,889446
Nasdaq Inc,10-Nov-16,67.49,68.29,66.89,67.10,1211166
Nasdaq Inc,9-Nov-16,65.21,67.14,64.69,66.93,1034039
Nasdaq Inc,8-Nov-16,65.44,65.57,64.19,65.38,667090
Nasdaq Inc,7-Nov-16,65.33,65.57,65.04,65.46,684493
Nasdaq Inc,4-Nov-16,64.34,65.42,64.03,64.68,1269127
Nasdaq Inc,3-Nov-16,63.80,64.55,63.80,64.16,861704
Nasdaq Inc,2-Nov-16,63.65,64.05,63.53,63.76,699330
Nasdaq Inc,1-Nov-16,63.80,64.20,63.30,63.52,971573
Nasdaq Inc,31-Oct-16,64.13,64.27,63.83,63.97,677218
Nasdaq Inc,28-Oct-16,64.04,64.59,63.72,64.09,493922
Nasdaq Inc,27-Oct-16,64.55,64.55,63.32,63.95,1153061
Nasdaq Inc,26-Oct-16,65.22,66.62,64.28,64.69,1275335
Nasdaq Inc,25-Oct-16,66.40,66.80,66.06,66.36,1008906
Nasdaq Inc,24-Oct-16,66.26,66.77,66.20,66.30,499054
Nasdaq Inc,21-Oct-16,65.41,66.31,65.22,66.18,620339
Nasdaq Inc,20-Oct-16,66.53,66.58,65.63,65.73,557097
Nasdaq Inc,19-Oct-16,66.16,66.47,65.85,66.40,569566
Nasdaq Inc,18-Oct-16,66.79,67.18,66.11,66.21,397105
Nasdaq Inc,17-Oct-16,67.46,67.77,66.24,66.38,547922
Nasdaq Inc,14-Oct-16,67.41,67.42,66.96,67.24,603938
Nasdaq Inc,13-Oct-16,66.14,67.01,65.97,66.84,1269208
Nasdaq Inc,12-Oct-16,65.74,66.64,65.71,66.46,828702
Nasdaq Inc,11-Oct-16,66.16,66.86,65.54,65.94,950219
Nasdaq Inc,10-Oct-16,67.13,67.44,66.32,66.42,933337
Nasdaq Inc,7-Oct-16,67.47,67.47,66.47,67.03,488871
Nasdaq Inc,6-Oct-16,66.88,67.40,66.51,67.35,605880
Nasdaq Inc,5-Oct-16,66.80,67.13,66.61,66.87,822329
Nasdaq Inc,4-Oct-16,67.21,67.47,66.59,66.79,681955
Nasdaq Inc,3-Oct-16,67.28,67.69,66.77,67.05,996024
Nasdaq Inc,30-Sep-16,67.80,68.08,67.36,67.54,906090
Nasdaq Inc,29-Sep-16,68.31,68.68,67.00,67.48,889638
Nasdaq Inc,28-Sep-16,68.56,68.56,68.05,68.21,622116
Nasdaq Inc,27-Sep-16,68.74,69.00,68.52,68.55,807495
Nasdaq Inc,26-Sep-16,69.18,70.00,68.78,68.84,687847
Nasdaq Inc,23-Sep-16,69.79,70.56,68.93,69.46,1030923
Nasdaq Inc,22-Sep-16,71.00,71.01,70.38,70.44,501418
Nasdaq Inc,21-Sep-16,69.93,70.72,69.53,70.67,473156
Nasdaq Inc,20-Sep-16,70.10,70.45,69.36,69.62,706370
Nasdaq Inc,19-Sep-16,69.68,70.22,69.60,69.80,808013
Nasdaq Inc,16-Sep-16,69.11,69.62,68.65,69.47,959253
Nasdaq Inc,15-Sep-16,68.68,69.64,68.68,69.52,606409
Nasdaq Inc,14-Sep-16,68.83,69.25,68.62,68.69,768971
Nasdaq Inc,13-Sep-16,69.05,69.50,68.57,69.06,650121
Nasdaq Inc,12-Sep-16,68.71,69.71,68.22,69.48,956304
Nasdaq Inc,9-Sep-16,69.78,70.02,68.97,68.98,884723
Nasdaq Inc,8-Sep-16,70.75,70.98,70.20,70.21,567380
Nasdaq Inc,7-Sep-16,70.65,70.95,70.05,70.90,527995
Nasdaq Inc,6-Sep-16,71.83,71.87,71.11,71.50,430802
Nasdaq Inc,2-Sep-16,71.88,71.92,71.27,71.67,461383
Nasdaq Inc,1-Sep-16,71.23,71.74,71.08,71.64,575611
Nasdaq Inc,31-Aug-16,71.11,71.47,71.05,71.21,578161
Nasdaq Inc,30-Aug-16,71.05,71.34,70.38,71.34,508151
Nasdaq Inc,29-Aug-16,70.59,71.64,70.50,71.10,520113
Nasdaq Inc,26-Aug-16,70.83,70.98,70.05,70.49,360129
Nasdaq Inc,25-Aug-16,70.24,70.82,70.00,70.62,747473
Nasdaq Inc,24-Aug-16,70.40,70.46,70.05,70.28,677079
Nasdaq Inc,23-Aug-16,70.67,70.76,70.27,70.56,480703
Nasdaq Inc,22-Aug-16,70.15,70.61,70.12,70.48,535301
Nasdaq Inc,19-Aug-16,70.12,70.44,69.87,70.44,697452
Nasdaq Inc,18-Aug-16,70.31,70.77,70.22,70.32,550261
Nasdaq Inc,17-Aug-16,69.45,70.30,69.23,70.21,843204
Nasdaq Inc,16-Aug-16,69.90,70.01,69.26,69.28,396486
Nasdaq Inc,15-Aug-16,70.03,70.24,69.85,70.09,636942
Nasdaq Inc,12-Aug-16,69.88,70.25,69.64,70.15,947101
Nasdaq Inc,11-Aug-16,70.67,70.99,69.63,70.03,1152412
Nasdaq Inc,10-Aug-16,70.06,70.54,69.96,70.32,989626
Nasdaq Inc,9-Aug-16,70.67,70.96,70.11,70.23,937436
Nasdaq Inc,8-Aug-16,71.36,71.38,70.45,70.50,1122910
Nasdaq Inc,5-Aug-16,71.58,71.69,71.12,71.18,816462
Nasdaq Inc,4-Aug-16,71.51,71.88,71.15,71.43,1028597
Nasdaq Inc,3-Aug-16,71.32,71.75,70.82,71.53,995361
Nasdaq Inc,2-Aug-16,71.41,71.41,70.75,71.20,570757
Nasdaq Inc,1-Aug-16,71.00,71.43,70.65,71.42,851363
Nasdaq Inc,29-Jul-16,70.65,71.42,70.56,70.76,808990
Nasdaq Inc,28-Jul-16,70.82,71.47,70.42,70.87,878875
Nasdaq Inc,27-Jul-16,68.50,70.96,68.47,70.84,1421357
Nasdaq Inc,26-Jul-16,68.47,68.94,68.09,68.50,1247816
Nasdaq Inc,25-Jul-16,67.80,68.44,67.44,68.44,641111
Nasdaq Inc,22-Jul-16,67.32,67.93,67.22,67.79,534450
Nasdaq Inc,21-Jul-16,67.54,67.61,67.03,67.37,396410
Nasdaq Inc,20-Jul-16,68.16,68.21,67.64,67.74,402847
Nasdaq Inc,19-Jul-16,67.18,68.08,67.18,68.07,517981
Nasdaq Inc,18-Jul-16,68.66,68.66,67.44,67.60,627383
Nasdaq Inc,15-Jul-16,67.60,67.60,67.12,67.51,910211
Nasdaq Inc,14-Jul-16,67.64,67.85,66.94,67.37,836840
Nasdaq Inc,13-Jul-16,67.64,67.71,66.79,67.17,567905
Nasdaq Inc,12-Jul-16,66.70,67.37,66.59,67.31,655690
Nasdaq Inc,11-Jul-16,66.23,66.53,66.00,66.43,477741
Nasdaq Inc,8-Jul-16,65.42,66.10,65.23,65.88,830120
Nasdaq Inc,7-Jul-16,64.85,65.20,64.54,64.92,712286
Nasdaq Inc,6-Jul-16,64.64,64.91,64.34,64.74,733420
Nasdaq Inc,5-Jul-16,63.72,64.75,63.19,64.59,805066
Nasdaq Inc,1-Jul-16,64.71,65.18,64.51,64.77,656762
Nasdaq Inc,30-Jun-16,64.42,64.86,64.01,64.67,1398808
Nasdaq Inc,29-Jun-16,63.19,64.09,63.08,64.09,828525
Nasdaq Inc,28-Jun-16,61.75,62.66,61.43,62.60,989511
Nasdaq Inc,27-Jun-16,62.36,62.46,61.19,61.43,1025690
Nasdaq Inc,24-Jun-16,62.16,64.29,61.78,63.00,2018648
Nasdaq Inc,23-Jun-16,63.31,64.42,63.26,64.41,710828
Nasdaq Inc,22-Jun-16,63.09,63.25,62.89,63.09,759323
Nasdaq Inc,21-Jun-16,62.96,63.35,62.92,62.97,986130
Nasdaq Inc,20-Jun-16,64.61,64.88,63.05,63.09,915761
Nasdaq Inc,17-Jun-16,64.59,64.85,63.82,63.88,1300139
Nasdaq Inc,16-Jun-16,64.28,64.91,64.22,64.89,660080
Nasdaq Inc,15-Jun-16,64.87,65.45,64.66,64.80,713176
Nasdaq Inc,14-Jun-16,64.85,65.38,64.68,64.89,929090
Nasdaq Inc,13-Jun-16,65.28,65.97,65.09,65.11,709663
Nasdaq Inc,10-Jun-16,65.09,65.95,65.02,65.58,748193
Nasdaq Inc,9-Jun-16,65.16,65.74,64.88,65.66,783838
Nasdaq Inc,8-Jun-16,64.86,65.29,64.57,65.22,519477
Nasdaq Inc,7-Jun-16,65.11,65.50,64.86,64.89,919702
Nasdaq Inc,6-Jun-16,65.01,65.46,64.78,65.13,509182
Nasdaq Inc,3-Jun-16,64.90,65.28,64.21,65.07,594093
Nasdaq Inc,2-Jun-16,65.28,65.50,64.85,65.15,424330
Nasdaq Inc,1-Jun-16,65.50,65.80,65.38,65.60,717629
Nasdaq Inc,31-May-16,65.75,66.03,65.36,66.01,1240931
Nasdaq Inc,27-May-16,65.34,65.69,65.22,65.67,424870
Nasdaq Inc,26-May-16,65.38,65.45,64.66,65.02,587056
Nasdaq Inc,25-May-16,65.68,65.92,65.09,65.50,821454
Nasdaq Inc,24-May-16,64.00,65.70,63.84,65.62,981474
Nasdaq Inc,23-May-16,63.50,63.79,63.07,63.57,624176
Nasdaq Inc,20-May-16,63.41,64.00,63.08,63.62,565296
Nasdaq Inc,19-May-16,62.84,63.45,62.67,63.04,594104
Nasdaq Inc,18-May-16,62.30,63.19,61.59,63.05,1280083
Nasdaq Inc,17-May-16,63.73,63.90,62.31,62.53,643043
Nasdaq Inc,16-May-16,63.52,63.98,63.31,63.73,517708
Nasdaq Inc,13-May-16,64.09,64.46,63.45,63.68,554813
Nasdaq Inc,12-May-16,63.76,64.35,63.69,64.18,720416
Nasdaq Inc,11-May-16,64.43,64.66,63.44,63.62,958952
Nasdaq Inc,10-May-16,64.33,64.64,64.05,64.59,1140930
Nasdaq Inc,9-May-16,64.03,64.56,64.03,64.50,689322
Nasdaq Inc,6-May-16,63.17,64.26,62.94,64.03,1029447
Nasdaq Inc,5-May-16,62.69,63.40,62.69,63.20,846720
Nasdaq Inc,4-May-16,61.95,62.97,61.95,62.58,836063
Nasdaq Inc,3-May-16,62.09,62.48,61.62,62.27,458853
Nasdaq Inc,2-May-16,61.74,63.18,61.57,63.01,748270
Nasdaq Inc,29-Apr-16,62.58,62.58,61.25,61.71,1116728
Nasdaq Inc,28-Apr-16,63.59,64.39,62.67,62.86,865786
Nasdaq Inc,27-Apr-16,65.09,65.25,63.59,64.13,1163642
Nasdaq Inc,26-Apr-16,64.21,64.72,63.91,64.41,1249722
Nasdaq Inc,25-Apr-16,63.75,64.20,63.53,64.17,649873
Nasdaq Inc,22-Apr-16,63.70,64.43,63.55,63.99,674630
Nasdaq Inc,21-Apr-16,63.98,64.34,63.54,63.81,625230
Nasdaq Inc,20-Apr-16,64.13,64.35,63.76,64.13,735502
Nasdaq Inc,19-Apr-16,64.30,64.53,63.60,64.17,856609
Nasdaq Inc,18-Apr-16,64.03,64.55,63.90,64.14,723549
Nasdaq Inc,15-Apr-16,63.82,64.52,63.50,64.44,1269884
Nasdaq Inc,14-Apr-16,63.37,64.33,63.37,63.67,677627
Nasdaq Inc,13-Apr-16,63.44,64.17,63.21,63.95,1263326
Nasdaq Inc,12-Apr-16,63.65,64.05,61.76,63.15,1978362
Nasdaq Inc,11-Apr-16,64.17,64.70,63.73,64.28,1027504
Nasdaq Inc,8-Apr-16,64.40,64.40,63.48,63.65,722015
Nasdaq Inc,7-Apr-16,64.68,65.63,63.78,64.26,936429
Nasdaq Inc,6-Apr-16,64.81,65.03,63.93,64.95,1245177
Nasdaq Inc,5-Apr-16,65.15,65.62,64.90,64.98,1091747
Nasdaq Inc,4-Apr-16,66.39,66.39,64.87,65.55,1312506
Nasdaq Inc,1-Apr-16,66.12,66.66,65.60,66.09,1447463
